Date,Region,Flux,Start,Maximum,End
2017-01-10,-,B9.98,10:25,10:30,10:33
2017-01-10,-,C1.2,12:56,13:00,13:04
2017-01-10,-,B5,15:10,15:13,15:17
2017-01-10,-,B5.3,15:21,15:25,15:31
2017-01-10,-,B8.92,16:36,16:46,16:49
2017-01-10,-,B7.19,18:03,18:08,18:13
2017-01-10,-,B1.08,21:07,21:12,21:15
2017-01-10,-,B3.02,22:36,22:47,22:54
2017-01-12,-,B4.33,06:56,07:05,07:12
2017-01-12,-,C5.52,15:54,16:18,16:41
2017-01-04,2624,B1.93,02:34,02:39,02:50
2017-01-05,-,B1.47,18:20,18:31,18:39
2017-01-10,-,B9.98,10:25,10:30,10:33
2017-01-10,-,C1.2,12:56,13:00,13:04
2017-01-10,-,B5,15:10,15:13,15:17
2017-01-10,-,B5.3,15:21,15:25,15:31
2017-01-10,-,B8.92,16:36,16:46,16:49
2017-01-10,-,B7.19,18:03,18:08,18:13
2017-01-10,-,B1.08,21:07,21:12,21:15
2017-01-10,-,B3.02,22:36,22:47,22:54
2017-01-11,-,B4.07,01:53,01:58,02:01
2017-01-11,-,B2.68,14:52,15:00,15:40
2017-01-11,-,B2.89,15:51,15:54,15:56
2017-01-11,-,B5.23,16:04,16:07,16:10
2017-01-11,-,B2.86,19:23,19:35,20:01
2017-01-11,-,B6.64,21:35,21:43,21:53
2017-01-12,-,B4.33,06:56,07:05,07:12
2017-01-12,-,C5.52,15:54,16:18,16:41
2017-01-14,-,B2.39,07:08,07:16,07:20
2017-01-16,2626,B1.23,01:41,01:44,01:48
2017-01-16,2625,B2.19,18:12,18:23,18:35
2017-01-18,-,B1.33,18:33,18:36,18:39
2017-01-20,2628,A8.35,06:33,06:36,06:37
2017-01-20,2628,B1.51,06:42,06:43,06:44
2017-01-20,2628,B1.89,06:47,07:15,07:19
2017-01-20,2628,B3.23,07:51,08:36,08:44
2017-01-20,2628,B5.52,09:33,09:39,09:42
2017-01-20,2628,B7.02,10:37,10:46,10:52
2017-01-20,2628,B3.89,15:09,15:16,15:20
2017-01-20,2627,B5.26,17:09,17:12,17:16
2017-01-20,2627,B3.22,20:57,21:00,21:04
2017-01-21,2628,B7.16,02:10,02:17,02:21
2017-01-21,2628,B9.63,02:28,02:31,02:36
2017-01-21,2628,C1.03,03:00,03:05,03:07
2017-01-21,2628,B4.52,04:02,04:05,04:07
2017-01-21,2628,C1.75,06:23,06:29,06:36
2017-01-21,2628,C1.15,07:02,07:05,07:09
2017-01-21,2628,M1.34,07:14,07:26,07:29
2017-01-21,2628,B4.4,08:23,08:26,08:29
2017-01-21,2628,B4.86,08:58,09:06,09:10
2017-01-21,2628,B6.75,09:12,09:17,09:26
2017-01-21,2628,C1.4,09:40,09:46,09:52
2017-01-21,2628,C1.59,10:19,10:23,10:27
2017-01-21,2628,C8.74,10:59,11:08,11:11
2017-01-21,2628,C2.51,13:19,13:26,13:30
2017-01-21,2628,B6.78,14:08,14:11,14:13
2017-01-22,2628,B2.82,12:23,12:27,12:34
2017-01-24,2629,B2.17,16:03,16:08,16:11
2017-01-24,2629,B6.82,17:47,17:55,18:01
2017-01-24,2629,B3.18,18:39,18:45,18:56
2017-01-24,2629,B3.99,23:44,23:49,23:54
2017-01-25,2629,B6.07,02:15,02:20,02:24
2017-01-25,2629,B2.88,03:54,03:58,04:02
2017-01-25,-,B3.77,04:16,04:20,04:24
2017-01-25,-,B5.16,09:43,09:48,09:54
2017-01-25,-,B2.72,10:48,10:51,10:55
2017-01-25,2629,B8.77,15:19,15:31,15:36
2017-01-25,2629,B5.99,16:48,16:53,16:59
2017-01-25,2629,B3.71,17:55,18:01,18:11
2017-01-25,2629,B4.83,19:22,19:32,19:42
2017-01-25,2629,B2.58,20:09,20:12,20:16
2017-01-25,2629,C1.16,21:22,21:28,21:32
2017-01-25,2629,B2.62,22:48,22:52,22:56
2017-01-26,2629,B2.58,03:48,03:52,03:57
2017-01-26,2629,B5.31,04:06,04:12,04:15
2017-01-26,2629,B2.5,04:40,04:43,04:46
2017-01-26,2629,B2.75,05:23,05:28,05:33
2017-01-26,2629,B5,06:08,06:13,06:18
2017-01-26,2629,B2.28,12:18,12:21,12:23
2017-01-26,2629,B3.13,16:26,16:33,16:39
2017-01-26,2629,B2.63,16:48,16:51,16:54
2017-01-27,2627,B7.22,10:38,10:45,10:52
2017-01-27,2629,B2.67,15:35,15:39,15:43
2017-01-28,2627,C4.06,20:56,21:09,21:21
2017-02-04,2631,B1.18,05:57,06:00,06:04
2017-02-04,2632,B1.74,12:59,13:12,13:45
2017-02-06,2634,B1.6,16:16,16:22,16:31
2017-02-08,2635,A9.38,23:08,23:11,23:18
2017-02-09,2635,B3.28,00:42,00:50,00:55
2017-02-09,2635,B3.85,01:35,01:40,01:42
2017-02-09,2635,C1.55,01:45,01:51,01:56
2017-02-09,2635,B8.09,02:56,03:09,03:16
2017-02-09,2635,C1.89,03:20,03:26,03:29
2017-02-09,2635,B8.16,05:31,05:42,05:49
2017-02-09,2635,B4.87,06:05,06:12,06:15
2017-02-09,2635,B4.14,06:31,06:35,06:37
2017-02-09,2635,C1.64,06:55,07:02,07:04
2017-02-09,2635,B3.71,07:39,07:48,07:50
2017-02-09,2635,B3.73,09:32,09:37,09:39
2017-02-09,2635,B1.56,10:32,10:35,10:37
2017-02-09,2635,A9.81,10:56,10:59,11:03
2017-02-09,2635,B1.92,11:54,12:04,12:31
2017-02-12,2635,B1.6,04:30,04:34,04:38
2017-02-13,2635,B2.06,06:26,06:36,06:50
2017-02-15,2636,B2.71,12:34,12:43,12:46
2017-02-15,2636,A9.31,20:48,20:51,20:54
2017-02-17,2636,B1.76,09:27,09:32,09:38
2017-02-17,2636,B1.29,09:53,09:56,09:58
2017-02-18,-,B3.4,00:42,01:45,02:33
2017-02-18,-,B3.82,02:56,03:19,03:41
2017-02-19,-,B3.78,05:37,05:41,05:48
2017-02-19,-,B3.12,16:47,16:50,16:55
2017-02-20,2638,B5.83,11:22,11:29,11:37
2017-02-20,2638,B4.82,11:51,11:56,12:01
2017-02-20,2638,B7.23,13:43,13:48,13:51
2017-02-20,-,C1.02,14:14,14:25,14:32
2017-02-20,-,B4.69,16:56,17:03,17:11
2017-02-20,2638,B3.05,23:10,23:14,23:20
2017-02-21,2638,B3.79,05:14,05:22,05:26
2017-02-21,2638,B3.53,06:41,06:45,06:50
2017-02-21,2638,B2.73,11:20,11:23,11:25
2017-02-21,2638,B3.23,11:27,11:31,11:33
2017-02-21,2638,B3.68,13:58,14:01,14:05
2017-02-21,2638,B3.8,22:47,22:53,23:04
2017-02-22,2638,B9.23,01:40,01:51,02:02
2017-02-22,2638,C5.92,13:03,13:27,13:38
2017-02-22,2638,B6.51,21:07,21:13,21:18
2017-02-23,2638,B5.75,00:45,01:05,01:20
2017-02-23,2638,B6.32,10:42,10:54,11:04
2017-02-23,2638,B2.86,14:18,14:28,14:42
2017-02-23,2638,B7.8,20:17,20:24,20:27
2017-02-23,2638,C1.88,20:43,20:53,21:11
2017-02-24,2638,C1.52,00:04,00:12,00:14
2017-02-26,2640,B4.01,23:11,23:18,23:25
2017-02-27,2640,B1.6,04:57,05:00,05:04
2017-02-27,2641,B3.6,17:12,17:23,18:04
2017-02-27,2641,C1.28,20:07,20:17,20:25
2017-02-27,2641,B3.26,21:36,21:39,21:42
2017-02-28,-,B6.75,00:30,00:45,00:54
2017-02-28,2641,B4.2,04:30,04:38,04:45
2017-02-28,2641,B4.5,06:23,06:29,06:32
2017-02-28,2641,C1.05,11:42,11:51,12:15
2017-03-01,2641,B2.53,04:07,04:12,04:19
2017-03-01,2641,B2.11,04:30,04:33,04:37
2017-03-01,2641,B1.12,07:39,07:43,07:49
2017-03-01,2641,B3.53,07:57,08:00,08:02
2017-03-01,2641,B3.12,08:03,08:07,08:10
2017-03-02,-,B1.21,01:16,01:19,01:26
2017-03-03,2641,B1.88,06:55,07:32,07:46
2017-03-04,2641,B1.05,05:33,05:38,05:44
2017-03-04,2641,B1.93,10:12,10:18,10:27
2017-03-04,-,B1.37,22:55,22:59,23:08
2017-03-06,-,B2.71,09:09,09:12,09:14
2017-03-06,-,B3.14,09:22,09:25,09:27
2017-03-06,2641,B1.54,11:58,12:03,12:10
2017-03-07,-,B2.71,09:54,09:57,09:59
2017-03-07,-,B2.57,10:26,10:29,10:31
2017-03-08,-,B2.57,00:05,00:09,00:11
2017-03-08,-,B2.86,03:49,03:52,03:54
2017-03-08,-,B2.86,04:13,04:17,04:19
2017-03-08,-,B7.29,04:37,05:42,05:54
2017-03-08,-,B4.29,06:01,06:04,06:06
2017-03-08,-,B2.57,08:46,08:49,08:51
2017-03-08,-,B3,09:37,09:41,09:43
2017-03-08,-,B2.57,10:15,10:18,10:20
2017-03-08,-,B2.57,11:38,11:41,11:43
2017-03-08,-,B2.71,23:34,23:37,23:39
2017-03-09,-,B2.57,19:14,19:17,19:19
2017-03-09,-,B2.71,22:28,22:31,22:33
2017-03-12,-,B3.14,23:57,00:01,00:03
2017-03-20,-,B1.6,15:52,15:59,16:06
2017-03-22,2643,B4.18,18:21,18:58,19:15
2017-03-25,-,B3.56,22:04,22:13,22:19
2017-03-25,-,B2.85,23:31,23:39,23:46
2017-03-26,2644,B5.26,02:29,02:34,02:41
2017-03-26,2644,B1.42,03:20,03:28,03:35
2017-03-26,2644,A8.73,10:29,10:32,10:37
2017-03-26,2644,B1.81,13:07,13:12,13:25
2017-03-26,2644,B1.5,15:23,15:27,15:29
2017-03-26,2644,B2.14,15:54,15:58,16:05
2017-03-26,2644,B1.98,19:02,19:05,19:11
2017-03-26,2644,B5.19,21:21,21:28,21:41
2017-03-26,2644,B2.32,23:00,23:17,23:26
2017-03-27,2644,C1.92,23:49,00:00,00:08
2017-03-27,2644,C1.92,23:49,00:00,00:08
2017-03-27,-,B3.28,06:06,06:12,06:21
2017-03-27,-,B7.24,09:18,09:23,09:29
2017-03-27,2645,C4.63,11:07,11:12,11:18
2017-03-27,-,B6.55,13:33,13:43,13:48
2017-03-27,-,B6.07,14:10,14:16,14:19
2017-03-27,-,B3.12,14:40,14:45,14:51
2017-03-27,-,B6.41,14:59,15:16,15:23
2017-03-27,2645,C2.34,16:52,17:12,17:18
2017-03-27,2645,B5.33,17:39,17:43,17:47
2017-03-27,2645,C7.36,17:55,18:20,18:24
2017-03-27,2644,B7.46,19:44,20:02,20:11
2017-03-27,2645,C1.16,20:37,20:47,20:52
2017-03-27,2644,B5.45,21:37,21:40,21:43
2017-03-27,2644,B9.24,23:41,23:45,23:49
2017-03-28,2644,C1.63,00:19,00:27,00:35
2017-03-28,2645,C1.25,00:50,00:53,00:55
2017-03-28,2644,B8.9,01:52,02:00,02:04
2017-03-28,-,B3.88,02:56,03:00,03:03
2017-03-28,2645,C4.43,03:18,03:23,03:25
2017-03-28,2644,B8.93,03:52,03:57,04:07
2017-03-28,2645,C4.6,04:47,04:56,05:03
2017-03-28,2645,C1.53,07:12,07:19,07:23
2017-03-28,2645,A0.1,09:01,09:10,09:16
2017-03-28,2645,B5.22,09:38,09:44,09:50
2017-03-28,2645,C1.48,09:55,10:01,10:04
2017-03-28,2645,B3.52,13:18,13:22,13:25
2017-03-28,2645,B3.16,13:51,13:55,13:59
2017-03-28,2645,B2.54,15:46,15:51,15:56
2017-03-28,2645,B2.5,20:48,20:54,21:00
2017-03-28,2645,B2.46,21:02,21:05,21:07
2017-03-29,2645,B4.09,00:38,00:43,00:48
2017-03-29,2645,B6.63,01:26,01:40,01:45
2017-03-29,2645,B4.5,02:18,02:22,02:26
2017-03-29,2644,B4.28,12:59,13:09,13:20
2017-03-29,2645,B5.6,20:26,20:30,20:32
2017-03-29,2644,B8.85,23:19,23:32,23:50
2017-03-30,2645,B3.27,06:58,07:03,07:10
2017-03-30,2645,B3.43,13:00,13:03,13:05
2017-03-30,2644,B3.31,17:57,18:01,18:03
2017-03-30,2644,B2.57,19:44,19:53,20:00
2017-03-31,2645,B6.7,03:39,03:46,03:50
2017-03-31,-,B5.45,04:49,04:53,04:55
2017-03-31,2644,B4.18,05:45,05:50,05:53
2017-03-31,2645,B3.33,06:15,06:19,06:24
2017-03-31,2644,B4.07,13:39,13:42,13:44
2017-03-31,-,B4.81,14:41,14:47,14:52
2017-03-31,2645,C2.51,17:28,17:37,17:48
2017-03-31,2644,B4.08,19:12,19:19,19:23
2017-03-31,2644,B5.29,21:09,21:12,21:16
2017-03-31,2645,C1.66,22:54,23:01,23:10
2017-04-01,2647,B6.63,01:38,01:47,01:53
2017-04-01,2645,B6.8,03:47,03:51,03:56
2017-04-01,2645,B8.61,04:12,04:15,04:20
2017-04-01,-,B8.46,10:17,10:20,10:22
2017-04-01,-,C1.35,10:31,10:36,10:39
2017-04-01,2645,B4.53,14:59,15:02,15:09
2017-04-01,2645,C1.12,15:23,15:49,16:18
2017-04-01,2644,C1.02,18:07,18:10,18:14
2017-04-01,2644,C5.35,19:30,19:56,20:13
2017-04-01,2644,M6.34,21:35,21:48,22:05
2017-04-01,2645,C7.26,22:59,23:03,23:05
2017-04-01,-,C1.24,23:50,23:54,23:57
2017-04-02,2644,B7.14,00:26,00:29,00:31
2017-04-02,2645,C1.47,02:06,02:10,02:13
2017-04-02,2645,M1.14,02:41,02:46,02:48
2017-04-02,2644,C1.69,04:55,04:58,05:00
2017-04-02,2644,M7.73,07:50,08:02,08:13
2017-04-02,2644,M3.4,12:52,13:00,13:11
2017-04-02,2644,C4.39,16:20,16:27,16:38
2017-04-02,2644,M3.08,18:18,18:38,19:28
2017-04-02,2644,M8.22,20:26,20:33,20:38
2017-04-02,2644,C6.7,21:07,21:10,21:13
2017-04-03,2644,M1.81,00:56,01:05,01:12
2017-04-03,2644,C3.3,04:19,04:26,04:31
2017-04-03,2644,C8.21,04:55,05:27,05:36
2017-04-03,2645,C5.4,08:09,08:14,08:21
2017-04-03,2644,C4.1,09:15,09:19,09:21
2017-04-03,2645,C5.58,11:07,11:13,11:25
2017-04-03,2645,C3.73,11:40,11:43,11:45
2017-04-03,2645,C3.69,12:16,12:20,12:26
2017-04-03,2645,C4.93,13:01,13:06,13:09
2017-04-03,2644,M1.05,13:18,13:24,13:28
2017-04-03,2644,M8.35,14:19,14:29,14:34
2017-04-03,-,C3.71,19:06,19:10,19:14
2017-04-03,2644,C7.16,20:07,20:13,20:20
2017-04-03,2644,C2.26,21:13,21:16,21:18
2017-04-03,2644,C3.52,22:51,23:02,23:06
2017-04-03,2645,C2.43,23:43,23:52,23:56
2017-04-04,2645,C1.97,00:35,00:39,00:54
2017-04-04,2648,C2.79,01:28,01:32,01:36
2017-04-04,2644,C1.61,06:09,06:16,06:19
2017-04-04,2644,C5.38,07:02,07:12,07:25
2017-04-04,2644,C3.29,09:46,09:51,09:58
2017-04-04,-,C1.38,11:45,11:48,11:50
2017-04-04,2644,C2.72,12:12,12:16,12:18
2017-04-04,2644,C3.32,13:31,13:41,13:56
2017-04-04,2645,C1.45,16:14,16:17,16:19
2017-04-04,-,C1.25,16:23,16:27,16:34
2017-04-04,2644,C2.73,16:55,17:01,17:03
2017-04-04,2645,C1.55,19:21,19:25,19:27
2017-04-04,-,C1.31,19:42,19:45,19:48
2017-04-04,2645,C2.96,21:31,21:36,21:39
2017-04-04,-,C1.37,21:44,21:48,21:50
2017-04-04,-,C1.75,22:22,22:25,22:27
2017-04-04,2645,C7.02,23:30,23:42,23:46
2017-04-05,-,B7.73,01:18,01:21,01:23
2017-04-05,-,C1.36,02:45,02:50,02:53
2017-04-05,-,B7.15,03:18,03:22,03:27
2017-04-05,2645,C1.63,04:51,04:55,04:58
2017-04-05,2645,C1.51,08:37,09:37,09:42
2017-04-05,-,B5.76,12:24,12:29,12:38
2017-04-05,-,B8.01,15:51,15:55,15:58
2017-04-05,2645,C1.27,17:34,17:40,17:45
2017-04-06,2645,B3.74,06:47,06:50,06:52
2017-04-06,2645,C1.16,07:23,07:32,07:43
2017-04-06,2645,B5.21,08:39,09:34,09:45
2017-04-06,2645,C1.54,10:15,10:26,10:29
2017-04-06,2645,C7.95,12:01,12:10,12:20
2017-04-06,2645,B7.38,17:21,17:27,17:34
2017-04-06,2645,B6.37,21:06,21:16,21:21
2017-04-06,2645,B6.28,22:59,23:04,23:11
2017-04-07,2645,C3.9,00:13,00:25,00:33
2017-04-07,2645,C1.55,08:49,08:55,09:03
2017-04-07,2645,B3.31,17:13,17:20,17:24
2017-04-07,2645,C6.13,19:42,19:49,19:52
2017-04-08,2645,B5.28,00:38,00:47,00:51
2017-04-08,-,B3.89,01:42,01:48,01:53
2017-04-08,2645,C1.53,02:55,03:09,03:17
2017-04-08,2645,C2.05,08:47,09:05,09:12
2017-04-08,-,B4.14,13:23,13:28,13:35
2017-04-08,2645,B4.32,14:14,14:17,14:23
2017-04-08,-,B4.67,15:05,15:10,15:16
2017-04-08,2645,B6.59,19:18,19:29,19:45
2017-04-09,2648,B2.12,17:21,17:26,17:30
2017-04-10,2650,B3.47,04:23,04:36,04:47
2017-04-10,2650,B1.05,08:36,08:39,08:47
2017-04-10,2650,B1.39,09:53,09:58,10:12
2017-04-10,2650,B6.38,18:16,18:23,18:28
2017-04-10,2650,B1.8,21:17,21:22,21:26
2017-04-11,2650,B5.09,02:56,03:00,03:04
2017-04-11,2650,B1.41,03:45,04:00,04:12
2017-04-11,2650,B1.47,10:59,11:11,11:16
2017-04-11,2650,B1.13,18:46,18:50,18:54
2017-04-11,2650,B1.6,19:38,19:45,19:53
2017-04-12,2650,B1.37,00:07,00:11,00:32
2017-04-12,-,B2.5,14:27,14:32,14:38
2017-04-14,-,B1.22,16:18,16:21,16:25
2017-04-16,-,B3.29,21:53,21:58,22:10
2017-04-16,-,B5.31,22:38,23:05,23:39
2017-04-17,2651,B4.69,01:28,01:39,01:46
2017-04-17,2651,C2.92,02:17,02:47,03:10
2017-04-17,2651,B5.31,05:54,05:58,06:02
2017-04-17,2651,B9.76,07:13,07:21,07:27
2017-04-17,2651,B4.73,14:40,14:46,14:50
2017-04-17,2651,B4.09,16:24,16:30,16:33
2017-04-17,2651,B7.76,18:46,18:53,19:06
2017-04-17,2651,C1.03,21:21,21:42,21:53
2017-04-17,2651,B2.76,23:39,23:44,23:48
2017-04-18,2651,B3.4,00:24,00:28,00:32
2017-04-18,2651,B1.98,02:18,02:22,02:26
2017-04-18,2651,B7.57,05:31,05:37,05:42
2017-04-18,2651,B2.92,05:51,05:54,06:00
2017-04-18,2651,B9.4,06:31,06:40,06:46
2017-04-18,2651,C4.8,09:29,09:41,09:55
2017-04-18,2651,C7.94,19:21,20:10,20:49
2017-04-19,2651,B7.32,10:01,10:05,10:07
2017-04-19,2651,B3.6,12:31,12:34,12:37
2017-04-19,2651,B9.9,16:32,16:36,16:39
2017-04-19,2651,B2.13,17:53,17:56,18:00
2017-04-20,2651,C1.1,06:49,06:56,07:04
2017-04-20,-,B2.48,08:42,08:46,08:53
2017-04-20,2651,B3.32,10:43,10:49,10:58
2017-04-20,2651,B4.86,21:17,21:23,21:27
2017-04-21,-,B3.04,02:58,03:02,03:04
2017-04-21,2651,B8.38,12:06,12:16,12:26
2017-04-21,2651,B2.37,17:05,17:10,17:17
2017-04-21,2651,B5.48,17:23,17:30,17:41
2017-04-21,2651,B5.46,19:35,19:41,19:44
2017-04-21,-,B2.66,22:03,22:07,22:09
2017-04-22,2651,C1.33,00:22,00:34,00:42
2017-04-22,-,B2.15,10:07,10:10,10:13
2017-04-22,-,B2.41,12:08,12:13,12:16
2017-04-22,2651,B2.55,14:52,14:58,15:01
2017-04-23,2651,B2.66,02:00,02:04,02:07
2017-04-23,2651,B4.91,03:02,03:06,03:09
2017-04-23,-,B2.36,15:47,15:57,16:12
2017-04-24,-,B2.79,21:31,21:36,21:41
2017-04-24,-,B3.33,22:15,22:19,22:25
2017-04-25,-,B1.45,00:16,00:24,00:32
2017-04-25,-,B1.04,05:39,05:42,05:50
2017-04-25,-,B1.37,06:56,07:01,07:14
2017-04-25,-,B9.9,20:14,20:25,20:37
2017-04-26,-,B1.53,02:29,02:32,02:36
2017-04-26,2652,B3.68,12:24,12:30,12:46
2017-04-26,2652,B4.4,15:28,15:38,15:50
2017-04-26,2653,B6.47,17:36,17:48,17:59
2017-04-28,2653,B1.48,17:09,17:12,17:15
2017-05-02,2654,B1.41,19:33,19:36,19:41
2017-05-05,2655,B1.74,03:30,03:38,03:43
2017-05-05,2655,B6.38,04:18,04:37,04:42
2017-05-05,2654,B1.76,06:09,06:14,06:18
2017-05-05,2655,B1.9,08:41,08:45,08:50
2017-05-05,2655,B5.63,10:25,10:33,10:39
2017-05-05,2655,B4.39,12:23,12:29,12:36
2017-05-05,2654,B2,14:23,14:28,14:36
2017-05-05,2655,B3.63,15:26,15:35,15:43
2017-05-05,2655,B4.26,22:50,22:57,23:12
2017-05-06,2655,B4.05,01:04,01:09,01:14
2017-05-06,-,B1.12,11:10,11:14,11:20
2017-05-06,2654,A9.69,18:27,18:31,18:34
2017-05-06,2654,B4.67,19:55,20:09,20:23
2017-05-16,-,B2.76,04:07,04:16,04:26
2017-05-16,2657,B1.34,18:06,18:09,18:13
2017-05-18,-,B1.57,16:34,16:39,16:44
2017-05-21,2658,B1.67,07:37,07:44,07:48
2017-05-22,2660,B1.81,22:01,22:05,22:09
2017-05-23,2660,B5.93,14:04,14:21,14:37
2017-05-24,-,B1.34,02:33,02:36,02:42
2017-05-24,2660,B5.02,13:31,13:44,13:56
2017-05-25,-,B2.83,13:22,13:26,13:31
2017-05-25,-,B2.74,15:22,15:27,15:33
2017-05-25,-,B6.73,21:10,21:17,21:27
2017-05-26,2659,B2.32,01:33,01:36,01:40
2017-05-26,-,B1.39,09:25,09:28,09:30
2017-05-26,2659,B3.8,21:18,21:23,21:32
2017-05-27,2659,B2.75,08:48,08:51,08:57
2017-05-27,2659,B4.12,10:22,10:38,10:53
2017-05-27,2659,C1.29,17:47,18:30,19:04
2017-05-27,-,B5.98,21:18,21:24,21:28
2017-05-27,2659,B9.99,22:08,22:11,22:14
2017-05-28,2659,B5.08,00:55,01:00,01:03
2017-05-28,2659,B9.29,06:34,06:39,06:51
2017-05-28,-,B1.96,08:45,08:49,09:03
2017-05-28,2659,C1.1,10:46,10:51,10:54
2017-05-28,2659,B9.01,11:39,11:47,11:54
2017-05-28,2659,B5.26,13:18,13:23,13:29
2017-05-28,2659,B2.09,14:22,14:25,14:30
2017-05-28,-,B3.93,15:42,15:52,15:57
2017-05-28,2659,B3.49,18:55,18:59,19:04
2017-05-28,2659,C4.8,19:22,19:28,19:37
2017-05-28,2659,C1.5,23:05,23:13,23:26
2017-05-29,-,B2.97,09:30,09:34,09:37
2017-05-29,-,B2.92,11:35,11:41,11:47
2017-05-29,2659,B9.37,14:40,14:48,14:57
2017-05-29,-,B2.02,16:55,16:58,17:00
2017-05-29,2659,B3.67,18:20,18:24,18:31
2017-05-30,-,B3.86,04:01,04:07,04:15
2017-05-30,-,B1.55,05:58,06:01,06:03
2017-05-30,-,B1.73,06:30,06:38,06:54
2017-05-30,2659,B5.85,18:39,18:44,18:47
2017-05-30,2659,B9.48,19:44,19:47,19:51
2017-05-31,-,B8.62,02:11,02:16,02:19
2017-05-31,-,B5.99,08:52,09:26,09:48
2017-05-31,-,B8.86,11:33,11:40,11:46
2017-05-31,-,B3.14,14:40,14:45,14:50
2017-05-31,-,B3.95,15:51,15:56,16:12
2017-05-31,-,B4.04,17:23,17:31,17:36
2017-05-31,-,B5.45,17:48,17:54,17:56
2017-05-31,-,B4.68,18:14,18:18,18:25
2017-05-31,-,C1.94,18:41,18:48,18:57
2017-05-31,2661,C1.94,20:53,21:06,21:17
2017-05-31,2661,C2.95,23:06,23:15,23:23
2017-06-01,2661,C9.47,01:12,01:43,01:53
2017-06-01,2661,C1.08,04:48,05:38,06:01
2017-06-01,2661,C1.98,06:53,07:53,08:09
2017-06-01,2661,C3.61,09:22,09:25,09:29
2017-06-01,2661,C1.41,17:34,17:38,17:41
2017-06-01,2661,C2.1,17:56,18:09,18:33
2017-06-01,2661,C1.53,20:22,20:28,20:32
2017-06-01,-,C4.3,21:31,22:59,23:22
2017-06-02,-,C1.18,01:29,01:33,01:36
2017-06-02,-,C1.64,01:42,01:48,01:51
2017-06-02,-,B8.1,02:58,03:03,03:08
2017-06-02,2661,C1.16,05:50,05:55,06:04
2017-06-02,2661,B6.28,09:47,09:53,09:56
2017-06-02,2661,B6.56,11:22,11:27,11:36
2017-06-02,2661,C1.72,12:15,12:23,12:29
2017-06-02,2661,B5.93,13:32,13:57,14:05
2017-06-02,2661,C1.12,14:43,14:52,15:01
2017-06-02,2661,B5.73,15:27,15:31,15:36
2017-06-02,2661,M1.16,17:50,17:57,18:01
2017-06-02,2661,B9.52,19:49,19:56,20:02
2017-06-03,2661,C3.04,09:37,09:57,10:05
2017-06-03,2661,C3.66,14:47,14:56,15:00
2017-06-03,2661,B3.97,17:52,17:57,18:01
2017-06-03,2661,C3.6,19:21,19:34,19:41
2017-06-03,2661,B2.27,21:40,21:43,21:46
2017-06-03,-,B2.34,21:54,21:59,22:09
2017-06-03,2661,B8.85,23:44,23:51,23:58
2017-06-04,2661,B2.8,01:01,01:09,01:16
2017-06-04,2661,B5.77,02:45,02:49,02:54
2017-06-04,-,B2.26,06:28,06:32,06:36
2017-06-04,-,B1.34,07:16,07:20,07:30
2017-06-04,-,B1.92,19:00,19:04,19:08
2017-06-04,2661,B1.25,21:02,21:05,21:09
2017-06-05,2661,C3.83,05:14,05:31,05:41
2017-06-05,-,C1.12,07:02,07:15,07:27
2017-06-05,-,B8.06,07:53,07:59,08:05
2017-06-05,-,C1.78,09:36,09:55,10:05
2017-06-05,-,B4.87,11:32,11:37,11:41
2017-06-05,-,B4.32,12:52,12:55,13:00
2017-06-05,-,B1.99,14:33,14:37,14:42
2017-06-05,2661,B7.96,16:00,16:10,16:15
2017-06-05,2661,B3.95,18:38,18:44,18:50
2017-06-05,2661,C1.3,19:14,19:22,19:26
2017-06-06,-,B1.9,01:03,01:06,01:16
2017-06-06,-,B1.28,03:12,03:15,03:18
2017-06-06,-,B1.3,05:11,05:14,05:16
2017-06-06,2661,B1.94,09:27,09:31,09:34
2017-06-06,-,B2.22,11:11,11:24,11:29
2017-06-06,-,B2.25,11:55,11:58,12:00
2017-06-06,-,B2.21,12:34,12:37,12:39
2017-06-06,-,B1.99,13:05,13:08,13:10
2017-06-06,-,B1.62,13:18,13:22,13:25
2017-06-06,-,B5.58,15:09,15:14,15:19
2017-06-06,2661,B8.12,20:27,20:47,20:59
2017-06-07,2661,C1.96,02:12,03:33,03:56
2017-06-07,-,B3.06,08:40,08:47,08:57
2017-06-07,-,C1.75,10:03,10:22,10:50
2017-06-07,2661,B1.94,12:14,12:18,12:34
2017-06-07,2661,B6.03,16:22,16:58,17:24
2017-06-08,2661,B3.82,03:38,03:50,04:09
2017-06-09,2661,B5.54,11:52,12:53,13:19
2017-06-10,2661,B2.08,10:18,10:23,10:29
2017-06-11,-,B1.82,01:07,01:44,02:23
2017-06-13,2661,B5.13,18:45,19:40,20:22
2017-06-14,-,B2.42,18:59,19:07,19:12
2017-06-15,-,B2.04,05:15,05:18,05:20
2017-06-15,-,B1.65,06:26,06:29,06:31
2017-06-15,-,B2.29,07:30,07:33,07:35
2017-06-15,-,B2.71,09:03,09:06,09:08
2017-06-15,2663,B3.76,16:57,17:00,17:06
2017-06-17,2663,B1.66,02:51,02:57,03:01
2017-06-18,2663,B3.3,09:10,09:21,09:32
2017-06-18,2663,B1.6,12:35,12:40,12:59
2017-06-18,2663,B3.76,13:33,13:44,13:54
2017-06-18,2663,B2.69,21:30,21:40,21:48
2017-06-19,-,B3.96,04:24,04:29,04:36
2017-06-19,2663,B1.07,13:03,13:06,13:09
2017-06-19,-,B6.89,15:58,16:05,16:09
2017-06-20,-,B1.6,05:32,05:40,05:50
2017-06-20,2664,B2.91,06:01,07:18,08:48
2017-06-22,2664,B1.82,00:36,00:49,01:02
2017-06-26,2664,B1.52,07:23,07:28,07:33
2017-06-27,2664,B1.32,07:29,07:35,07:41
2017-06-27,2664,B1.32,20:49,20:53,20:56
2017-06-27,2664,B3.42,21:09,21:15,21:19
2017-07-02,2664,B4.14,12:23,12:39,12:59
2017-07-03,2664,B4.64,06:17,06:21,06:25
2017-07-03,2664,C1.1,06:33,06:37,06:39
2017-07-03,2664,B2.4,07:06,07:10,07:12
2017-07-03,2664,B1.55,07:28,07:31,07:34
2017-07-03,-,B3.16,08:47,09:00,09:08
2017-07-03,-,B2.82,09:43,09:50,10:04
2017-07-03,-,B3.56,10:31,10:51,11:03
2017-07-03,2664,B3.44,11:21,11:25,11:29
2017-07-03,-,B5.47,12:36,12:47,12:53
2017-07-03,-,B8.47,13:31,13:35,13:37
2017-07-03,-,M1.86,15:37,16:15,16:18
2017-07-03,-,C1.29,17:47,17:58,18:02
2017-07-03,-,C1.22,18:12,18:17,18:21
2017-07-03,-,B3.37,19:13,19:17,19:22
2017-07-03,-,B1.9,20:51,20:54,20:56
2017-07-04,-,B9.5,01:43,01:53,02:23
2017-07-04,-,C1.65,04:05,04:25,04:44
2017-07-05,-,B2.52,09:25,09:29,09:31
2017-07-05,-,B5.06,12:49,13:59,14:03
2017-07-05,-,B1.45,16:33,16:36,16:39
2017-07-05,2665,B3.07,22:51,22:55,22:57
2017-07-06,2665,B1.16,14:28,14:31,14:34
2017-07-06,2665,B2.11,17:26,17:32,17:40
2017-07-07,2665,B3.35,01:22,01:40,01:52
2017-07-07,2665,C1.19,01:58,02:21,02:32
2017-07-07,2665,C1.28,03:54,04:03,04:09
2017-07-07,-,B2.69,07:46,07:50,07:53
2017-07-07,2665,B3.3,10:40,10:49,10:52
2017-07-07,2665,B4.89,11:26,11:33,11:38
2017-07-07,-,B8.27,12:46,12:55,12:58
2017-07-07,-,B4.94,13:13,13:16,13:19
2017-07-07,2665,C1.44,13:37,13:49,13:53
2017-07-07,2665,C1.15,15:07,15:11,15:15
2017-07-07,2665,B2.74,20:00,20:04,20:09
2017-07-08,2665,B5.28,05:06,05:09,05:11
2017-07-08,2665,B9.43,05:38,06:23,06:31
2017-07-08,2665,B7.19,07:57,08:04,08:10
2017-07-08,2665,B8.94,10:45,11:05,11:19
2017-07-08,2665,B7.04,13:46,13:51,13:55
2017-07-08,2665,B5.19,16:34,16:41,17:02
2017-07-08,2665,B3.63,18:32,18:51,19:13
2017-07-08,2665,B8.22,21:18,21:24,21:27
2017-07-08,-,B6.09,21:33,21:37,21:41
2017-07-08,-,B8.28,21:47,22:00,22:02
2017-07-08,2665,B7.93,22:23,22:26,22:29
2017-07-08,2665,B6.13,23:07,23:10,23:12
2017-07-08,2665,C4.98,23:50,23:53,23:57
2017-07-09,2665,B9.08,01:20,01:27,01:29
2017-07-09,2665,B4.58,02:22,02:27,02:30
2017-07-09,2665,C1.03,03:02,03:06,03:08
2017-07-09,2665,M1.98,03:09,03:18,03:37
2017-07-09,2665,C2.36,06:15,06:30,06:40
2017-07-09,2665,C1.73,07:28,07:33,07:49
2017-07-09,2665,C5.83,08:55,09:12,09:17
2017-07-09,2665,C1.37,10:20,10:40,10:49
2017-07-09,2665,C7.6,11:44,12:12,12:28
2017-07-09,2665,B5.92,14:05,14:09,14:12
2017-07-09,2665,C1.22,14:35,14:42,14:49
2017-07-09,2665,B6.55,15:19,15:27,15:32
2017-07-09,2665,B6.29,15:39,15:44,15:48
2017-07-09,2665,B4.76,16:20,16:26,16:32
2017-07-09,2665,B6.9,17:10,17:38,17:44
2017-07-09,2665,B9.09,18:29,18:47,18:49
2017-07-09,2665,B3.47,19:30,19:33,19:38
2017-07-09,2665,B7.17,20:08,20:12,20:15
2017-07-09,2665,C1.27,21:33,21:54,22:01
2017-07-09,2665,B9.63,22:06,22:11,22:15
2017-07-09,2665,B4.82,23:25,23:33,23:37
2017-07-10,2665,C2.23,00:00,00:31,00:38
2017-07-10,2665,B5.07,07:52,07:55,07:59
2017-07-11,2655,B4.29,01:09,01:13,01:17
2017-07-11,2665,B6.61,01:58,02:05,02:07
2017-07-11,2665,B2.7,04:32,04:35,04:39
2017-07-11,2665,C1.18,12:57,13:04,13:10
2017-07-11,-,B3.64,16:55,16:58,17:03
2017-07-11,-,B2.78,17:50,17:54,17:57
2017-07-11,2665,C1.32,18:23,18:27,18:31
2017-07-11,2665,C1.8,20:18,20:31,20:35
2017-07-13,2665,B7.52,04:49,05:12,05:41
2017-07-13,2665,B4.58,16:41,16:44,16:50
2017-07-13,2665,B6.52,17:38,17:43,17:50
2017-07-13,2665,B8.43,17:50,17:55,18:02
2017-07-13,-,B8.01,19:32,19:40,19:49
2017-07-13,-,M1.38,20:01,20:05,20:11
2017-07-13,-,B7.81,20:44,20:48,20:52
2017-07-13,-,C2.83,21:27,21:31,21:33
2017-07-13,-,C8.56,21:46,21:55,21:58
2017-07-13,-,C4.29,23:30,23:40,23:44
2017-07-14,2665,C2.07,00:12,00:50,01:00
2017-07-14,2665,M3.5,01:07,02:09,03:24
2017-07-14,-,C1.98,19:18,19:25,19:44
2017-07-15,2665,C2.44,00:20,00:28,00:38
2017-07-15,2665,B3.81,02:22,02:26,02:32
2017-07-15,2665,B5.58,02:35,02:38,02:42
2017-07-15,2665,C1.44,03:46,03:55,04:01
2017-07-15,2665,C1.19,04:06,04:10,04:18
2017-07-15,2665,B4.57,07:39,07:43,07:46
2017-07-15,-,B4,09:01,09:16,09:20
2017-07-15,2665,C2.01,10:50,10:53,10:55
2017-07-15,-,B6.02,15:39,15:42,15:44
2017-07-15,-,C1.61,16:22,16:34,16:39
2017-07-15,2665,C8.42,19:26,19:36,19:44
2017-07-16,2665,C4.42,01:58,02:35,02:57
2017-07-16,2665,C1.12,05:44,05:47,05:49
2017-07-16,2665,C1.68,07:23,07:26,07:28
2017-07-16,-,B8.37,10:25,10:30,10:32
2017-07-16,2665,C1.88,10:32,10:35,10:37
2017-07-16,2665,C2.11,10:53,10:57,10:59
2017-07-16,2665,C1.21,12:13,12:17,12:19
2017-07-16,2665,C1.16,12:33,12:37,12:39
2017-07-16,2665,C1.79,17:54,18:04,18:10
2017-07-16,-,B6.47,20:48,20:51,20:59
2017-07-16,-,B7.51,21:28,21:32,21:36
2017-07-16,2665,B6.32,22:32,22:35,22:39
2017-07-16,2665,B8.04,23:19,23:24,23:28
2017-07-17,2665,B8.64,00:57,01:04,01:08
2017-07-17,2665,B4.83,02:23,02:28,02:32
2017-07-17,2665,C3.3,03:24,03:28,03:31
2017-07-17,2665,B4.23,04:03,04:07,04:09
2017-07-17,2665,B6.75,05:28,05:32,05:36
2017-07-17,-,B4.16,09:00,09:04,09:09
2017-07-17,-,B5.35,09:16,09:20,09:25
2017-07-17,-,B6.06,10:13,10:17,10:20
2017-07-17,2665,C1.82,17:09,18:42,20:50
2017-07-18,2665,C1.08,00:06,00:11,00:14
2017-07-18,2665,C3.03,00:31,00:40,00:48
2017-07-18,2665,B7.68,04:31,04:35,04:41
2017-07-18,2665,B7.46,05:00,05:04,05:07
2017-07-18,2665,C1.21,05:11,05:15,05:17
2017-07-18,2665,C1.94,05:32,05:44,05:49
2017-07-18,2665,C1.9,06:21,06:33,06:50
2017-07-18,2665,C2.43,08:20,08:29,08:34
2017-07-18,-,C1.58,22:11,22:34,22:46
2017-07-23,-,B1.87,07:34,07:37,07:39
2017-07-23,-,B1.54,22:31,22:39,22:45
2017-07-27,-,B1.83,21:07,21:36,21:49
2017-07-31,-,B1.65,03:16,03:21,03:29
2017-07-31,-,C1.28,09:04,09:13,09:20
2017-07-31,-,B4.34,15:53,15:59,16:08
2017-07-31,-,B1.52,17:17,17:21,17:27
2017-07-31,-,B5.55,18:45,18:57,19:05
2017-07-31,-,B5.74,22:15,22:25,22:30
2017-07-31,-,B3.25,23:22,23:28,23:41
2017-08-01,-,B6.14,00:25,00:29,00:32
2017-08-01,-,B3.44,01:15,01:18,01:24
2017-08-01,-,B6.71,02:14,02:20,02:26
2017-08-01,-,C1.1,03:19,03:26,03:35
2017-08-01,-,C2.09,07:39,07:47,07:55
2017-08-01,-,B2.52,09:50,09:55,10:01
2017-08-01,-,B3.35,13:08,13:14,13:21
2017-08-01,-,B3.7,19:54,19:59,20:04
2017-08-01,-,B1.47,22:51,22:57,23:01
2017-08-02,-,B2.94,00:02,00:11,00:18
2017-08-02,2670,B1.19,19:26,19:32,19:37
2017-08-02,2670,B1.79,21:37,21:44,21:48
2017-08-02,2670,C1.32,23:53,23:59,00:04
2017-08-03,-,B3.15,00:19,00:23,00:26
2017-08-03,2670,B2.94,18:17,18:26,18:33
2017-08-03,2670,B2,18:55,19:04,19:23
2017-08-05,2670,B1.73,17:43,17:50,17:53
2017-08-05,2670,B1.52,23:00,23:05,23:09
2017-08-06,2670,B1.84,02:22,02:26,02:31
2017-08-06,2670,B1.61,09:52,09:56,09:59
2017-08-14,2671,C2.91,02:05,02:13,02:16
2017-08-14,-,C1.01,03:39,03:48,03:55
2017-08-14,-,C1.2,05:25,05:51,06:11
2017-08-14,-,B4.99,08:21,08:26,08:31
2017-08-14,-,B1.89,09:23,09:27,09:37
2017-08-14,2671,C4.46,10:39,10:46,10:49
2017-08-14,-,B3.56,13:31,13:37,13:42
2017-08-14,-,B6.09,14:04,14:11,14:15
2017-08-14,-,B4.31,14:42,14:45,14:47
2017-08-14,2671,C1.8,16:20,16:24,16:27
2017-08-14,-,B5.65,18:18,18:22,18:27
2017-08-14,-,B6.37,19:00,19:05,19:09
2017-08-14,-,B4.33,19:24,19:27,19:30
2017-08-14,2671,C1.95,20:56,21:04,21:09
2017-08-14,2671,C1.17,21:23,21:27,21:30
2017-08-14,2671,C3.78,21:46,22:10,22:17
2017-08-15,2671,C1.71,02:08,02:15,02:17
2017-08-15,2671,C1.38,04:24,04:31,04:33
2017-08-15,2671,C1.12,05:00,05:07,05:09
2017-08-15,2671,B3.73,07:51,07:55,07:59
2017-08-15,2671,B6.44,09:58,10:05,10:12
2017-08-15,2671,B4.87,10:45,10:51,10:58
2017-08-15,2671,B5.19,11:06,11:11,11:14
2017-08-15,2671,B9.06,11:20,11:26,11:30
2017-08-15,2671,C1.38,11:45,11:49,11:51
2017-08-15,2671,C1.8,12:20,13:52,14:50
2017-08-15,2671,C1.31,16:11,16:15,16:17
2017-08-15,2671,B4.57,18:15,18:18,18:20
2017-08-16,2671,B4.19,01:33,01:39,01:43
2017-08-16,2671,B5.8,01:57,02:08,02:20
2017-08-16,2671,B3.64,06:27,06:32,06:35
2017-08-16,2671,B8.23,08:29,08:38,08:40
2017-08-16,2671,B5.62,10:11,10:15,10:21
2017-08-16,-,B6.96,11:06,11:11,11:16
2017-08-16,2671,B5.41,11:33,11:38,11:45
2017-08-16,-,B4.88,17:13,17:17,17:19
2017-08-16,-,B3.69,19:45,19:48,19:54
2017-08-16,-,B3.72,21:49,21:55,21:59
2017-08-16,-,B3.08,22:51,22:56,23:05
2017-08-17,2671,B2.74,23:59,00:03,00:08
2017-08-17,2671,B3.01,00:31,00:35,00:41
2017-08-17,2671,B3.81,00:57,01:02,01:05
2017-08-17,2671,B9.83,02:30,02:36,02:39
2017-08-17,2671,B2.25,06:16,06:19,06:21
2017-08-17,2671,B4.41,11:27,11:40,11:46
2017-08-17,-,B1.83,14:35,14:39,14:41
2017-08-17,-,B1.64,16:13,16:16,16:18
2017-08-18,2671,B2.58,00:42,00:59,01:07
2017-08-18,2671,B3.64,02:30,02:37,02:46
2017-08-18,2671,B3.32,05:38,05:44,05:48
2017-08-18,2671,C1.57,08:49,08:52,08:54
2017-08-18,-,B4.51,12:56,13:00,13:04
2017-08-18,2671,C1.29,13:44,13:51,14:02
2017-08-18,-,C7.29,19:49,20:02,20:33
2017-08-18,2671,C4.75,21:01,21:04,21:10
2017-08-19,-,C5.82,01:28,01:37,01:50
2017-08-19,-,C5.05,04:10,04:51,05:15
2017-08-19,-,C1.8,08:59,09:06,09:12
2017-08-19,-,C2.76,10:55,11:05,11:13
2017-08-19,2671,C1.69,12:04,12:18,12:46
2017-08-19,-,C1.14,14:40,14:45,14:48
2017-08-19,-,C3.28,14:48,14:57,15:01
2017-08-19,-,C2.38,15:41,15:47,15:54
2017-08-19,2671,C1.58,17:10,18:13,18:29
2017-08-19,-,C2.22,19:48,19:52,19:57
2017-08-19,2671,M1.15,20:54,21:55,22:05
2017-08-20,-,M1.95,01:36,01:52,02:03
2017-08-20,2671,C2.92,04:22,04:40,04:53
2017-08-20,-,C1.05,06:23,06:27,06:31
2017-08-20,2671,C4.77,07:45,07:50,07:54
2017-08-20,2671,B9.72,12:16,12:21,12:26
2017-08-20,2672,C1.61,14:40,14:45,14:52
2017-08-20,2672,M1.54,19:20,19:39,19:49
2017-08-21,2671,B7.69,00:50,01:02,01:07
2017-08-21,2672,C1.15,02:29,02:34,02:42
2017-08-21,2672,C8.49,03:05,03:16,03:30
2017-08-21,2671,B7.79,05:59,06:10,06:18
2017-08-21,2671,C1.49,07:22,07:40,07:46
2017-08-21,-,B5.31,09:48,09:51,09:54
2017-08-21,2671,C1.37,10:31,11:03,11:38
2017-08-21,-,C4.85,17:39,17:57,18:01
2017-08-21,2671,C2.52,20:12,20:22,20:26
2017-08-21,2671,C2.41,21:47,22:38,22:58
2017-08-22,-,B6.67,01:53,02:01,02:09
2017-08-22,2671,B9.75,04:15,04:20,04:24
2017-08-22,2671,C1,07:02,07:08,07:11
2017-08-22,-,B8.56,08:31,08:36,08:39
2017-08-22,2671,C1.65,11:09,11:13,11:16
2017-08-22,2672,C1.06,14:30,14:38,14:45
2017-08-22,2671,C1.05,15:11,15:17,15:25
2017-08-22,2671,B8.87,16:05,16:08,16:11
2017-08-22,2671,C3.08,17:42,17:50,17:53
2017-08-22,2671,C3.11,19:32,19:37,19:43
2017-08-22,2672,B2.75,23:17,23:20,23:22
2017-08-22,-,B6.25,23:23,23:28,23:32
2017-08-23,2672,B4.59,00:25,00:45,00:49
2017-08-23,-,B5.14,01:45,01:53,01:56
2017-08-23,2671,C2.59,06:24,06:47,06:57
2017-08-23,2672,C3.68,13:24,13:43,13:55
2017-08-23,2671,C3.14,17:43,17:56,18:22
2017-08-23,2672,C2.01,19:10,19:31,19:41
2017-08-24,2672,C1.29,00:06,00:14,00:18
2017-08-24,2671,C4.9,00:30,00:37,00:45
2017-08-24,2671,C2.71,01:19,01:26,01:44
2017-08-24,2672,C1.34,15:47,15:58,16:07
2017-08-24,2671,B2.74,21:11,21:15,21:19
2017-08-24,2672,B2.38,22:49,22:53,22:58
2017-08-25,2671,B4.05,00:07,00:12,00:21
2017-08-25,2671,B6.33,02:07,02:14,02:25
2017-08-25,2672,B7.33,03:08,03:12,03:15
2017-08-25,-,B4.56,05:55,06:00,06:06
2017-08-25,-,C8.01,07:15,07:27,07:46
2017-08-25,2672,B2.47,10:02,10:05,10:08
2017-08-25,2672,B5.14,12:10,12:18,12:30
2017-08-25,2672,B5.45,14:06,15:01,16:11
2017-08-25,2672,B3.62,21:46,21:49,21:57
2017-08-26,2672,B3.9,01:06,01:11,01:17
2017-08-26,2671,B4.94,02:08,02:15,02:31
2017-08-26,2672,B4.56,02:58,03:01,03:05
2017-08-26,2671,B2.02,08:39,08:43,08:45
2017-08-26,2671,B2.53,13:34,13:38,13:50
2017-08-26,2671,B4.72,18:54,19:03,19:09
2017-08-26,2672,B7.46,20:17,21:00,21:27
2017-08-27,2672,B2.25,00:11,00:29,00:38
2017-08-27,2671,B3.92,01:13,01:18,01:20
2017-08-27,2671,B5.89,06:02,06:07,06:12
2017-08-27,2671,B2.38,07:32,07:37,07:46
2017-08-27,-,B2.89,09:25,09:29,09:34
2017-08-27,2672,B1.91,11:11,11:14,11:18
2017-08-27,2671,C9.05,15:11,15:16,15:19
2017-08-27,-,B3.98,16:56,17:03,17:16
2017-08-27,2671,B4.74,17:46,18:11,18:30
2017-08-28,2672,B2.31,00:53,00:56,01:03
2017-08-28,2672,B3.59,06:12,06:16,06:20
2017-08-28,-,B3.66,09:23,09:28,09:38
2017-08-28,2672,B7.56,14:41,14:59,15:06
2017-08-28,2672,C1.32,15:33,15:40,15:58
2017-08-28,-,C1.16,16:30,16:38,16:49
2017-08-28,-,B9.51,19:57,20:02,20:06
2017-08-28,-,C1.43,23:33,23:44,23:55
2017-08-29,2674,C4.02,02:55,03:00,03:07
2017-08-29,2674,C1.26,04:27,04:30,04:54
2017-08-29,2674,C1.5,06:16,06:21,06:29
2017-08-29,2674,B6.35,10:20,10:26,10:31
2017-08-29,2674,B5.51,10:58,11:02,11:17
2017-08-29,2674,B5.34,12:38,12:46,12:56
2017-08-29,2674,B4.87,13:56,13:59,14:01
2017-08-29,2674,B8.91,16:23,16:27,16:32
2017-08-29,-,B7.12,19:16,19:21,19:28
2017-08-29,-,C1.84,22:14,22:18,22:23
2017-08-30,-,C1.55,04:05,04:12,04:21
2017-08-30,2674,B7.53,04:51,05:09,05:15
2017-08-30,2674,C1.95,08:31,08:35,08:37
2017-08-30,-,C1.11,11:00,11:05,11:50
2017-08-30,2674,C1.01,12:54,13:18,13:32
2017-08-30,-,B7.42,16:07,16:36,16:57
2017-08-30,2674,B4.8,17:40,17:44,17:50
2017-08-30,2674,C7.52,18:38,18:45,18:50
2017-08-30,2674,C1.9,22:20,23:11,23:19
2017-08-31,2672,B3.28,02:37,02:40,02:42
2017-08-31,-,B7.2,03:44,03:48,03:51
2017-08-31,-,B4.28,05:33,05:37,05:41
2017-08-31,2672,C1.1,08:21,08:24,08:27
2017-08-31,-,B4.16,14:39,14:42,14:44
2017-08-31,-,B3.24,16:40,16:44,16:47
2017-08-31,2674,B4.68,19:45,19:55,20:14
2017-09-01,2674,B6.83,01:26,01:29,01:32
2017-09-01,2674,B4.9,02:07,02:12,02:24
2017-09-01,2674,B6.31,06:30,06:37,06:48
2017-09-01,2674,B9.93,09:37,09:43,09:52
2017-09-01,2674,B4.85,10:25,10:28,10:30
2017-09-01,-,B6.55,15:04,15:07,15:09
2017-09-01,-,B6.98,15:10,15:13,15:15
2017-09-01,2674,C2.92,15:31,15:37,15:41
2017-09-01,-,C1.68,17:08,17:14,17:19
2017-09-01,2674,C1.12,17:32,17:35,17:38
2017-09-01,2674,B7.45,20:58,21:02,21:06
2017-09-01,2674,B6.34,21:57,22:00,22:09
2017-09-01,2674,C2.08,23:44,23:51,23:59
2017-09-02,2674,C1.1,00:25,00:28,00:32
2017-09-02,2674,C1.68,02:22,02:30,02:35
2017-09-02,2674,C1.5,03:02,03:06,03:26
2017-09-02,2674,B8.65,04:03,04:07,04:10
2017-09-02,-,B5.61,05:16,05:19,05:21
2017-09-02,2674,B5.77,10:11,10:15,10:17
2017-09-02,2674,B6.28,10:31,10:35,10:39
2017-09-02,2674,C1.18,11:48,12:05,12:32
2017-09-02,2672,B8.54,13:03,13:07,13:09
2017-09-02,2672,M1.11,15:26,15:41,15:56
2017-09-02,2672,C2.14,21:56,22:03,22:33
2017-09-03,-,C1.49,04:18,04:41,04:54
2017-09-03,2672,C1.05,08:39,09:26,09:48
2017-09-03,-,B8.09,10:19,10:22,10:34
2017-09-03,2673,C1.61,20:45,20:50,20:55
2017-09-04,2674,C1.63,02:18,02:22,02:29
2017-09-04,2673,C1.82,03:33,03:38,03:42
2017-09-04,2673,C2.66,04:05,04:11,04:17
2017-09-04,2673,M1.82,05:36,05:49,06:05
2017-09-04,2673,C4.35,08:08,08:19,08:24
2017-09-04,2673,C3.44,11:33,11:38,11:42
2017-09-04,2673,M1.2,12:12,12:25,12:33
2017-09-04,2673,M2.17,15:11,15:30,15:33
2017-09-04,2673,C5.9,16:29,16:46,16:50
2017-09-04,2673,C8.63,17:20,17:39,17:48
2017-09-04,2673,M1.46,18:05,18:22,18:31
2017-09-04,2673,M2.5,18:46,19:37,19:52
2017-09-04,2673,M2.23,19:59,20:02,20:06
2017-09-04,2673,M7.91,20:28,20:33,20:37
2017-09-04,2673,M3.08,22:10,22:14,22:19
2017-09-05,2673,M1.4,00:30,00:35,00:41
2017-09-05,2673,M6.01,01:03,01:08,01:11
2017-09-05,2673,M1.45,03:42,03:51,04:04
2017-09-05,2673,M4.64,04:33,04:53,05:07
2017-09-05,2673,M5.47,06:33,06:40,06:43
2017-09-05,2673,C7.81,10:13,10:19,10:25
2017-09-05,2673,C3.39,12:30,12:34,12:39
2017-09-05,2673,C9.97,13:26,13:34,13:51
2017-09-05,2673,C5.3,16:14,16:19,16:22
2017-09-05,2673,C6.58,17:11,17:15,17:19
2017-09-05,2673,M3.33,17:37,17:43,17:51
2017-09-05,2673,C2.19,20:00,21:12,21:20
2017-09-06,2673,C2.37,06:17,06:22,06:29
2017-09-06,2673,C3.84,07:29,07:34,07:48
2017-09-06,2673,X3.7,08:57,09:10,09:17
2017-09-06,2673,X13.37,11:53,12:02,12:10
2017-09-06,2673,M3.72,15:51,15:56,16:03
2017-09-06,2673,M2.04,19:21,19:30,19:35
2017-09-06,2673,M1.78,23:33,23:39,23:44
2017-09-07,2673,M3.57,04:59,05:02,05:08
2017-09-07,2673,M1.18,06:19,06:28,06:42
2017-09-07,2673,C3.87,09:16,09:20,09:24
2017-09-07,2673,M2.13,09:49,09:54,09:58
2017-09-07,2673,X1.09,10:11,10:15,10:18
2017-09-07,2673,C4.39,12:00,12:14,12:28
2017-09-07,2673,X1.99,14:20,14:36,14:55
2017-09-07,2673,C7.49,18:04,18:28,18:36
2017-09-07,2673,C6.5,18:40,18:44,18:49
2017-09-07,2673,C3.82,20:54,20:57,20:59
2017-09-07,2673,C7.8,21:24,21:37,21:47
2017-09-07,2677,C3.87,22:57,23:00,23:02
2017-09-07,2673,M5.61,23:50,23:59,00:14
2017-09-08,2673,C7.67,01:36,01:40,01:42
2017-09-08,2673,C1.8,02:10,02:13,02:15
2017-09-08,2673,M1.87,02:19,02:24,02:29
2017-09-08,-,C2.08,03:30,03:34,03:37
2017-09-08,2673,M1.71,03:39,03:43,03:45
2017-09-08,-,M1.2,05:31,05:48,05:53
2017-09-08,-,C4.11,06:24,06:27,06:29
2017-09-08,2673,C2.63,06:35,06:38,06:41
2017-09-08,2673,C8.73,07:04,07:08,07:10
2017-09-08,2673,X1.16,07:40,07:49,07:58
2017-09-08,2673,C1.92,09:36,09:39,09:41
2017-09-08,2673,C2.28,10:45,10:49,10:51
2017-09-08,2673,C2.54,11:21,11:27,11:34
2017-09-08,2673,C8.41,12:09,12:13,12:15
2017-09-08,-,C1.81,12:29,12:33,12:40
2017-09-08,2673,M4.29,15:09,15:47,16:04
2017-09-08,-,C2.62,18:15,18:18,18:20
2017-09-08,2673,C2.43,20:10,20:14,20:16
2017-09-08,2673,C3.5,22:18,22:24,22:30
2017-09-08,2673,C2.96,23:16,23:21,23:23
2017-09-08,2673,M3.07,23:33,23:45,23:56
2017-09-09,2673,C1.58,00:36,00:39,00:46
2017-09-09,2673,C9.11,03:02,03:09,03:25
2017-09-09,2673,C6.05,03:57,04:01,04:07
2017-09-09,2673,M1.6,04:14,04:28,04:43
2017-09-09,2673,C2.03,06:23,06:29,06:40
2017-09-09,2673,C2.47,06:51,06:56,06:58
2017-09-09,2673,C2.33,07:17,07:27,07:40
2017-09-09,2673,M5.43,10:50,11:04,11:42
2017-09-09,2673,C2.06,14:49,14:53,14:58
2017-09-09,2673,C2.44,16:20,16:32,16:40
2017-09-09,-,C2.81,19:09,19:15,19:20
2017-09-09,-,C6.8,21:00,21:11,21:25
2017-09-09,2673,M1.69,22:04,23:53,00:41
2017-09-10,2673,M1.3,02:40,03:09,03:25
2017-09-10,2673,C4.8,09:02,09:20,09:34
2017-09-10,-,C2.28,14:19,14:23,14:25
2017-09-10,-,C1.46,15:23,15:26,15:28
2017-09-10,2673,X11.88,15:35,16:06,16:31
2017-09-11,2673,C1.37,09:43,10:10,10:17
2017-09-12,2680,C4.35,07:22,07:29,07:34
2017-09-12,2677,B4.53,13:57,14:01,14:08
2017-09-12,2680,B4.63,15:28,15:35,15:39
2017-09-12,2680,B2.11,15:54,15:59,16:06
2017-09-12,2680,C2.37,19:03,19:20,19:28
2017-09-13,2680,B1.27,05:38,05:41,05:51
2017-09-13,2680,B1.71,07:39,07:48,08:09
2017-09-20,-,B1.37,01:30,01:37,01:43
2017-09-20,-,B2.13,02:51,02:57,03:21
2017-09-20,-,B1.68,05:25,05:31,05:40
2017-09-20,-,B2.06,08:36,08:43,08:48
2017-09-20,-,B4.27,09:42,09:50,09:55
2017-09-20,-,B7.48,12:31,12:43,12:52
2017-09-20,2680,C1.17,19:26,19:32,19:37
2017-09-20,2680,B1.08,20:00,20:03,20:09
2017-09-20,2680,B1.06,21:58,22:01,22:04
2017-09-23,-,B4.26,05:51,06:03,06:10
2017-09-26,-,B2.92,02:16,02:20,02:25
2017-09-26,2683,C2.65,02:29,02:34,02:38
2017-09-26,2682,B6.2,06:01,06:05,06:08
2017-09-26,2683,B3.61,07:47,07:51,07:56
2017-09-26,2683,B3.02,09:23,09:26,09:30
2017-09-26,2683,B3.9,13:41,13:45,13:49
2017-10-03,2683,B2.75,01:16,01:19,01:21
2017-10-04,-,B1.13,01:25,01:28,01:38
2017-10-04,-,B2.04,02:46,02:49,02:51
2017-10-04,-,B3.08,03:47,03:54,03:58
2017-10-04,-,B1.37,10:04,10:08,10:10
2017-10-05,-,B3.13,02:43,02:48,02:50
2017-10-05,-,B3.16,04:56,05:03,05:09
2017-10-05,-,B4.68,06:11,06:19,06:25
2017-10-05,2683,B1.43,10:59,11:04,11:11
2017-10-05,2682,B1.61,11:25,11:29,11:31
2017-10-05,2683,C1.54,13:26,13:41,13:49
2017-10-05,2683,B5.01,19:51,20:02,20:10
2017-10-05,2683,B7.58,23:19,23:27,23:33
2017-10-06,-,B1.94,00:36,00:39,00:41
2017-10-06,2683,B2.04,02:52,02:55,03:04
2017-10-06,2683,B1.81,05:54,05:58,06:01
2017-10-06,-,B2.8,11:18,11:21,11:23
2017-10-06,-,B3.66,15:35,15:38,15:40
2017-10-06,2683,C1.39,16:31,16:34,16:36
2017-10-06,-,B6.19,19:21,19:24,19:26
2017-10-06,2683,B3.88,19:37,19:40,19:42
2017-10-06,-,B4.25,22:27,22:31,22:33
2017-10-07,2683,B6.24,23:26,00:28,01:12
2017-10-07,-,B6.74,02:19,02:23,02:28
2017-10-07,2683,B1.73,05:22,05:25,05:27
2017-10-07,2683,B1.8,05:30,05:35,05:38
2017-10-07,2683,B1.93,05:59,06:02,06:06
2017-10-08,2683,B1.01,03:47,03:50,03:52
2017-10-08,2683,B6.75,06:42,06:47,06:50
2017-10-08,-,B2.11,12:54,12:59,13:08
2017-10-08,2683,B2.22,16:17,16:21,16:23
2017-10-08,2683,B1.63,20:04,20:07,20:10
2017-10-08,2683,B1.46,20:47,20:50,20:52
2017-10-09,2683,B1.61,03:21,03:24,03:31
2017-10-20,-,B1.71,00:06,00:49,01:01
2017-10-20,-,B4.53,13:52,14:03,14:09
2017-10-20,-,B5.18,22:45,22:53,22:58
2017-10-20,2685,M1.59,23:10,23:28,23:36
2017-10-21,-,B4.32,19:07,21:06,21:54
2017-10-22,-,B2.77,12:08,12:41,13:01
2017-10-27,2686,B2.19,00:36,00:44,00:50
2017-11-12,-,B2.26,20:00,20:20,20:29
2017-11-12,-,B3.17,22:56,23:00,23:03
2017-11-13,-,C1.04,06:39,06:48,06:52
2017-11-13,-,B3.05,07:58,08:04,08:09
2017-11-13,-,B1.49,10:34,10:42,10:47
2017-11-14,-,B1.59,10:09,10:12,10:15
2017-11-16,-,B5,13:02,13:06,13:10
2017-11-16,-,B1.03,18:54,18:57,18:59
2017-11-17,2687,B9.16,00:21,00:28,00:30
2017-11-18,-,B1.29,17:48,17:53,17:58
2017-11-21,2688,B2.09,01:58,02:03,02:10
2017-11-23,-,B2.02,09:06,09:14,09:22
2017-11-25,-,B1.93,05:21,07:46,09:54
2017-11-27,2689,B3.74,11:06,11:17,11:25
2017-12-01,-,B1.11,14:07,14:10,14:12
2017-12-07,2690,A8.55,03:20,03:23,03:28
2017-12-10,-,B1.76,10:46,10:54,11:13
2017-12-11,-,B8.49,00:40,00:52,00:59
2017-12-13,-,B1.37,21:41,21:44,21:48
2017-12-14,-,B1.25,05:10,05:26,05:45
2017-12-14,-,B1.3,21:44,22:08,22:25
2017-12-19,-,B3.16,19:52,19:58,20:03
2017-12-20,-,B1.93,07:56,08:00,08:06
2017-12-20,2692,B4.04,18:14,18:22,18:27
2017-12-20,2692,B1.38,20:49,20:53,21:01
2017-12-20,-,B1.06,23:28,23:31,23:34
2017-12-21,2692,B1.36,23:25,23:30,23:34
2017-12-22,-,B2.3,00:17,00:21,00:23
2017-12-22,2692,B4.39,01:11,01:15,01:17
2017-12-22,2692,C1.01,01:40,01:50,02:05
2017-12-22,2692,B3.14,02:28,02:31,02:33
2017-12-22,2692,B6.35,02:43,02:50,03:06
2017-12-22,2692,B3.42,03:31,03:36,03:44
2017-12-22,2692,B1.7,04:03,04:06,04:08
2017-12-22,2692,B1.8,06:28,06:31,06:36
2017-12-22,2692,B3.92,11:36,11:40,11:44
2017-12-23,2692,B4.33,06:24,06:29,06:31
2017-12-23,2692,B1.12,20:33,20:36,20:43
2017-12-25,2692,B2.02,07:11,07:16,07:28
2017-12-28,2692,C1.17,22:25,22:29,22:33
2017-12-29,-,B1.19,01:14,01:19,01:21
2018-01-05,-,A5.29,11:16,11:17,11:18
2018-01-07,-,A7.18,04:24,04:33,04:38
2018-01-12,-,B2.71,13:08,13:09,13:10
2018-01-18,-,C1.36,07:28,07:35,07:39
2018-01-18,2696,B5.5,08:08,08:13,08:16
2018-01-18,2696,B1.4,09:51,09:57,10:06
2018-01-20,2696,B2.11,04:48,04:55,05:00
2018-01-20,2696,A7.32,17:42,17:52,17:58
2018-01-22,2696,C1.34,02:37,02:57,03:20
2018-01-30,2697,B1.61,17:35,17:39,17:46
2018-02-04,2699,B9.14,19:06,19:22,19:27
2018-02-04,2699,B5.29,19:46,19:51,19:55
2018-02-04,2699,C1.57,20:18,20:24,20:30
2018-02-04,2699,B3.71,20:46,20:59,21:07
2018-02-04,2699,C1.01,21:10,21:15,21:18
2018-02-04,-,B4.29,22:28,22:45,22:52
2018-02-04,2699,B4.43,23:20,23:25,23:29
2018-02-05,2699,B2.62,01:17,01:20,01:29
2018-02-05,2699,B2.67,05:38,05:41,05:45
2018-02-05,-,B8.46,08:09,08:22,08:27
2018-02-05,-,B4.04,10:37,10:43,10:50
2018-02-05,-,B2.59,11:27,11:38,11:44
2018-02-05,-,B2.57,15:22,15:25,15:27
2018-02-05,2699,B3.59,15:45,15:53,16:05
2018-02-05,2699,C1.12,18:18,18:24,18:26
2018-02-05,-,B1.75,19:06,19:09,19:11
2018-02-05,-,B1.35,19:23,19:26,19:28
2018-02-05,2699,B4.4,20:32,20:38,20:41
2018-02-05,2699,B4.38,21:36,21:49,21:53
2018-02-05,2699,B5.58,22:16,22:21,22:27
2018-02-06,2699,B4.39,00:38,00:42,00:45
2018-02-06,2699,B4.11,01:06,01:10,01:15
2018-02-06,2699,B4.06,02:54,03:00,03:02
2018-02-06,2699,B5.12,05:19,05:28,05:43
2018-02-06,2699,B3.18,06:20,06:27,06:34
2018-02-06,2699,B3.09,09:08,09:14,09:18
2018-02-06,2699,B3.6,10:54,11:06,11:17
2018-02-06,2699,B7.73,14:14,14:26,14:48
2018-02-06,-,B1.38,17:44,17:49,17:54
2018-02-06,2699,C1.51,18:45,18:58,19:44
2018-02-07,2699,C1.11,00:19,00:38,00:46
2018-02-07,2699,B1.6,07:29,07:32,07:36
2018-02-07,-,M1.17,13:31,13:47,13:54
2018-02-07,2699,C2.44,14:35,14:39,14:44
2018-02-07,2699,B1.73,18:01,18:05,18:11
2018-02-07,2699,B2.7,23:32,23:35,23:37
2018-02-08,2699,B7.25,15:20,15:30,15:35
2018-02-08,2699,C1.04,16:51,16:59,17:21
2018-02-08,2699,B7.09,18:39,18:45,18:50
2018-02-08,2699,B7.49,19:43,19:55,20:01
2018-02-08,2699,B8.81,20:25,20:34,20:41
2018-02-08,2699,B2.01,21:10,21:14,21:17
2018-02-08,2699,B6.69,21:22,21:39,21:45
2018-02-09,-,B3.29,03:43,03:48,03:54
2018-02-09,-,B2.29,06:31,06:36,06:39
2018-02-09,-,B3,08:27,08:31,08:35
2018-02-09,-,B1.71,12:43,12:47,12:52
2018-02-09,2699,B4.57,14:51,14:56,15:01
2018-02-09,2699,C1.03,15:40,15:47,15:52
2018-02-09,2699,B6.57,16:38,16:43,16:54
2018-02-09,-,B1.71,17:45,17:49,17:55
2018-02-09,2699,B6.29,18:12,18:19,18:29
2018-02-10,2699,C6.59,13:02,13:21,13:36
2018-02-10,2699,B3.15,16:31,16:43,16:51
2018-02-10,-,B1.6,18:09,18:14,18:17
2018-02-10,2699,B1.28,20:34,20:40,20:47
2018-02-10,2699,B6.45,21:35,21:48,21:56
2018-02-11,2699,B6.58,01:04,01:09,01:11
2018-02-11,2699,B1.17,04:52,04:55,04:58
2018-02-11,2699,B3.48,05:29,05:35,05:40
2018-02-11,2699,B2.24,08:19,08:24,08:27
2018-02-11,2699,B5.08,09:00,09:07,09:14
2018-02-11,2699,C1.17,09:50,10:03,10:14
2018-02-11,2699,B1.53,11:37,11:41,11:44
2018-02-11,2699,B2.29,13:23,13:29,13:45
2018-02-11,2699,B2.02,13:53,13:57,14:10
2018-02-11,2699,B4.54,14:10,14:29,14:43
2018-02-11,2699,B1.82,16:13,16:18,16:20
2018-02-11,-,B1.59,21:29,21:36,21:39
2018-02-11,-,B2.01,21:43,21:47,21:49
2018-02-11,-,B1.27,22:34,22:37,22:39
2018-02-11,2699,B1.11,23:10,23:13,23:16
2018-02-12,2699,C2.12,00:15,01:35,03:21
2018-02-12,2699,B6.1,06:56,07:00,07:03
2018-02-12,-,B4,11:36,11:43,12:25
2018-02-12,2699,B1.46,21:32,21:36,21:40
2018-02-14,2699,B1.45,08:22,08:25,08:27
2018-02-14,2699,B1.24,14:43,14:47,14:50
2018-02-14,2699,B1.81,15:54,16:08,16:20
2018-02-14,2699,B1.83,23:35,23:39,23:41
2018-02-15,2699,B1.49,00:47,00:51,00:53
2018-02-15,2699,B1.88,03:11,03:14,03:16
2018-02-15,2699,B1.53,06:23,06:26,06:28
2018-02-15,2699,B1.76,22:19,22:23,22:26
2018-02-15,2699,B1.44,23:50,23:55,23:58
2018-02-16,2699,B4.61,04:27,04:37,04:42
2018-02-16,2699,B1.07,20:57,21:12,21:19
2018-02-17,2699,B1.73,18:07,18:15,18:28
2018-02-26,-,A9.63,11:58,12:02,12:04
2018-02-26,2700,B4.47,15:48,15:51,15:53
2018-02-28,2700,B1.27,06:04,06:55,07:30
2018-02-28,2700,B3.29,14:12,14:27,14:53
2018-02-28,-,B2,15:23,15:27,15:30
2018-02-28,2700,B2.14,16:07,16:10,16:12
2018-03-01,2700,B1.43,22:03,22:07,22:13
2018-03-02,2700,B9.59,00:30,00:52,01:17
2018-03-02,2700,B7.17,05:14,05:27,05:34
2018-03-02,2700,B1.7,07:58,08:03,08:08
2018-03-02,2700,C2.78,10:56,11:07,11:13
2018-03-03,2700,B6.81,04:01,04:07,04:12
2018-03-04,2700,B1.37,02:55,03:01,03:07
2018-03-12,-,A1.57,22:10,22:11,22:12
2018-03-25,-,A1.57,12:00,12:01,12:02
2018-03-29,-,B1.17,16:25,16:34,16:43
2018-03-30,-,B2.25,02:56,03:00,03:02
2018-03-30,-,B2.36,04:11,04:15,04:19
2018-03-30,-,B6.23,05:07,05:15,05:21
2018-03-30,2703,C6.62,07:57,08:04,08:08
2018-03-30,2703,B2.87,11:13,11:17,11:20
2018-03-30,2703,B2.69,17:58,18:07,18:15
2018-03-31,2703,B2.03,01:44,01:48,01:55
2018-03-31,2703,C1.01,08:59,09:11,09:23
2018-03-31,2703,B1.45,16:16,16:20,16:25
2018-04-01,2703,B1.38,00:49,00:53,00:57
2018-04-01,2703,C1.28,12:51,13:08,13:19
2018-04-03,2703,B2.85,03:56,04:05,04:15
2018-04-03,2703,B1.62,14:13,14:17,14:32
2018-04-03,2703,B2.72,20:30,20:35,20:38
2018-04-06,-,A1.57,19:29,19:30,19:31
2018-04-12,-,B1.16,02:37,02:45,02:47
2018-04-14,2704,B1.43,00:09,00:12,00:15
2018-04-14,-,B3.43,19:10,19:19,19:30
2018-04-15,-,B1.82,00:05,00:10,00:24
2018-04-15,-,B4.99,12:37,12:40,12:43
2018-04-15,-,B1.24,13:46,13:49,13:54
2018-04-18,-,B4.65,12:50,13:04,13:50
2018-04-18,-,B5.62,15:48,16:00,16:15
2018-04-18,-,B1.82,18:20,18:28,18:35
2018-04-20,2706,B1.39,08:16,08:19,08:23
2018-04-20,2706,B1.28,09:39,09:42,09:47
2018-04-20,2706,B7.52,16:55,17:04,17:12
2018-04-20,2706,B5.01,22:12,22:19,22:25
2018-04-21,-,B1.28,06:01,06:08,06:19
2018-04-21,-,B2.71,10:45,10:51,10:58
2018-04-21,2706,B2.39,18:44,18:51,19:04
2018-04-21,2706,B1.66,20:55,20:58,21:00
2018-04-21,-,B1.52,21:37,21:40,21:44
2018-04-23,-,B1.28,18:40,18:43,18:45
2018-04-24,2706,B2.93,21:37,21:45,21:52
2018-04-28,2706,B2.08,20:26,20:32,20:46
2018-04-30,-,B1.54,19:11,19:14,19:19
2018-05-01,2706,B2.24,21:08,21:15,21:25
2018-05-06,-,A1.57,02:55,02:56,02:57
2018-05-10,-,A1.57,03:28,03:29,03:30
2018-05-22,2710,B3.9,04:29,05:07,05:44
2018-05-22,-,C1.28,14:47,14:59,15:19
2018-05-22,-,B3.34,22:28,22:42,22:55
2018-05-23,-,B2.86,02:49,02:56,03:09
2018-05-23,-,B2.57,03:30,03:35,03:42
2018-05-23,-,B4.57,03:58,04:14,04:23
2018-05-23,-,B2.86,05:27,05:34,05:42
2018-05-23,-,B2.29,06:00,06:04,06:12
2018-05-23,-,B3.29,06:17,06:21,06:28
2018-05-23,-,B2.43,07:51,08:18,08:24
2018-05-23,-,B2.57,08:43,08:48,08:54
2018-05-23,-,B4,08:55,09:01,09:08
2018-05-23,-,B6.29,09:59,10:03,10:06
2018-05-23,-,B2,11:08,11:12,11:15
2018-05-23,-,B3.57,11:37,11:50,11:53
2018-05-23,-,C1.16,13:01,13:05,13:09
2018-05-23,-,B2.43,14:22,14:26,14:34
2018-05-23,-,B2.29,16:38,16:41,16:43
2018-05-23,-,B4,17:44,17:48,17:50
2018-05-23,-,B3.43,17:53,17:56,17:58
2018-05-23,-,C2.86,18:03,18:21,18:33
2018-05-23,-,B1.43,19:39,19:42,19:44
2018-05-23,-,B1.57,20:47,20:56,20:59
2018-05-23,-,B2.86,21:05,21:17,21:21
2018-05-23,-,B3.29,21:54,21:59,22:03
2018-05-24,-,B4.29,02:58,03:20,03:39
2018-05-24,-,B6.43,06:16,06:23,06:35
2018-05-24,-,B1.63,11:16,11:20,11:38
2018-05-24,2710,C1.4,12:22,12:30,12:35
2018-05-24,-,B2.03,15:28,15:32,15:36
2018-05-24,-,B6.23,16:08,16:15,16:22
2018-05-24,-,B1.6,17:34,17:37,17:44
2018-05-25,-,B1.23,03:31,03:34,03:37
2018-05-25,2712,B1.61,14:04,14:42,14:52
2018-05-25,2711,B5.32,20:01,20:09,20:16
2018-05-25,2712,B2.62,23:32,23:35,23:38
2018-05-26,2712,B1.86,01:11,01:15,01:22
2018-05-26,2712,B1.57,04:18,04:22,04:26
2018-05-27,2712,B1.55,01:00,01:04,01:07
2018-05-27,2712,B1.04,09:39,09:44,09:48
2018-05-27,2712,B1.22,17:44,17:48,17:51
2018-05-27,2712,B1.47,18:49,18:52,18:56
2018-05-28,-,B1.38,12:15,12:18,12:20
2018-05-28,-,B1.75,13:42,13:47,13:51
2018-05-28,2712,B2.01,14:26,14:30,14:33
2018-05-28,-,C1.02,15:02,15:07,15:11
2018-05-28,-,B7.39,15:57,16:01,16:05
2018-05-28,2712,C1.01,16:29,16:36,16:39
2018-05-28,2712,C3.93,17:04,17:10,17:12
2018-05-28,2712,B2.79,18:43,18:57,19:04
2018-05-28,-,B2.34,20:50,20:54,20:57
2018-05-29,2712,B3.81,00:36,00:40,00:47
2018-05-29,2712,B1.69,01:25,01:28,01:35
2018-05-29,-,B1.26,16:18,16:21,16:28
2018-05-30,-,B1.27,18:14,18:17,18:20
2018-05-30,2710,B1.76,19:04,19:08,19:11
2018-05-31,2712,B7.07,00:59,01:08,01:21
2018-05-31,2712,B3.08,03:41,04:34,04:46
2018-05-31,2712,B2.8,06:52,06:58,07:05
2018-05-31,2712,B1.89,08:41,08:45,08:48
2018-05-31,2712,B3.69,10:40,10:58,11:07
2018-05-31,-,B3.29,13:21,14:22,15:14
2018-05-31,-,B2.69,16:04,16:13,16:17
2018-05-31,2712,B1.68,21:02,21:09,21:13
2018-05-31,2712,B1.87,21:33,21:43,21:47
2018-05-31,2712,B3.9,22:56,23:02,23:07
2018-06-01,2712,B3,04:57,05:04,05:09
2018-06-01,2712,B4.05,06:05,06:10,06:16
2018-06-01,2712,B1.59,07:53,07:56,08:01
2018-06-02,2712,B2.51,04:27,04:30,04:37
2018-06-02,2712,B3.45,08:04,08:11,08:22
2018-06-02,2712,B4.04,18:22,18:41,18:46
2018-06-02,2712,B2.32,20:46,20:51,20:54
2018-06-02,2712,B2.89,21:52,21:57,22:09
2018-06-02,2712,B1.27,22:31,22:35,22:39
2018-06-03,2712,B2.43,23:56,00:01,00:15
2018-06-03,2712,B1.57,00:41,00:44,00:47
2018-06-03,2712,B2.86,02:31,02:37,02:52
2018-06-03,2712,B2.57,05:51,05:57,06:01
2018-06-03,2712,B2.29,06:32,06:36,06:41
2018-06-03,2712,C1.13,07:53,07:56,07:58
2018-06-03,2712,B2.29,17:47,17:52,17:57
2018-06-06,2712,C1.43,10:44,11:00,11:06
2018-06-06,2712,B1.86,11:39,11:43,11:46
2018-06-11,-,B2.57,19:05,19:12,19:18
2018-06-12,2713,B1.6,20:51,20:54,20:59
2018-06-15,2713,B1.57,06:46,06:49,06:52
2018-06-15,2713,B1.43,09:45,09:48,09:50
2018-06-16,2713,B2.23,05:16,05:20,05:23
2018-06-17,2713,B1.26,06:53,06:57,07:06
2018-06-17,2713,B1.73,13:12,14:29,15:02
2018-06-18,2713,B1.43,08:40,08:44,08:47
2018-06-19,-,B1.49,02:23,02:26,02:28
2018-06-20,2714,B2.57,00:00,00:06,00:11
2018-06-20,2715,B2.57,03:56,04:25,04:33
2018-06-20,-,B2.6,11:57,12:02,12:05
2018-06-20,2715,B8.98,19:28,19:35,19:39
2018-06-20,2715,B3.77,22:58,23:03,23:07
2018-06-21,2715,C3.05,01:09,01:15,01:18
2018-06-22,-,B1.94,03:31,03:35,03:38
2018-06-22,-,B3.53,08:36,08:40,08:45
2018-06-22,2715,B1.5,18:08,18:10,18:14
2018-06-22,-,B2.37,22:00,22:04,22:07
2018-06-23,2715,B4.51,05:06,05:16,05:24
2018-06-23,2715,B2.62,08:18,08:28,08:31
2018-06-23,-,B2.65,09:58,10:03,10:11
2018-06-23,2713,B6.78,14:35,14:38,14:40
2018-06-23,2713,B3.48,18:06,18:09,18:11
2018-06-23,2713,B1.83,21:37,21:40,21:43
2018-06-24,2715,C1.24,01:31,01:45,01:51
2018-06-24,2713,B4.75,05:52,05:58,06:03
2018-06-24,2713,B4.62,08:38,08:42,08:49
2018-06-24,2713,B4.18,13:55,14:03,14:19
2018-06-24,2715,B4.96,17:45,17:52,17:57
2018-06-24,2713,B3.6,21:38,21:43,21:46
2018-06-25,2713,B3.62,02:31,02:35,02:38
2018-06-27,2715,B2.28,04:01,04:08,04:13
2018-06-27,2715,B3.24,05:17,05:38,06:16
2018-07-06,-,C2.4,19:41,20:07,20:42
2018-07-07,-,B1.65,04:47,04:51,05:00
2018-07-07,-,B1.86,11:59,12:04,12:12
2018-07-07,-,B1.36,21:25,21:28,21:30
2018-07-07,-,B1.49,21:31,21:35,21:42
2018-07-08,-,B1.46,02:46,02:49,02:51
2018-07-15,-,B2.18,08:39,08:47,08:54
2018-07-15,-,B1.8,10:58,11:04,11:15
2018-07-28,-,A7.25,13:21,13:40,13:52
2018-07-29,-,B1.13,21:45,21:48,21:53
2018-08-03,-,A1.43,15:45,15:46,15:47
2018-08-10,-,A1.43,16:00,16:01,16:02
2018-08-14,-,A1.43,05:00,05:01,05:02
2018-08-14,-,B1.28,12:36,12:43,12:54
2018-08-16,2718,B1.21,09:12,09:18,09:23
2018-08-23,2719,A9.13,20:23,20:38,20:46
2018-08-24,2720,B1.43,12:47,12:50,12:57
2018-08-24,2719,B2.36,21:54,21:58,22:01
2018-08-25,2720,B3.64,02:00,02:05,02:09
2018-08-25,2720,B4.8,03:04,03:09,03:12
2018-08-25,2719,B2,03:23,03:32,03:34
2018-08-25,2720,B2.54,05:21,05:25,05:29
2018-08-25,2720,B2.01,07:01,07:04,07:06
2018-08-25,2720,B1.44,07:36,07:40,07:54
2018-08-25,-,B3.66,08:02,08:13,08:30
2018-08-25,2720,B5.88,10:35,10:48,11:01
2018-08-25,2720,B1.44,18:29,18:33,18:37
2018-08-25,2720,B2.75,21:24,21:28,21:30
2018-09-06,-,A2.86,08:01,08:01,08:01
2018-09-10,-,A5,12:50,12:53,12:55
2018-09-11,-,A9.09,07:56,07:59,08:01
2018-09-13,-,A2.57,17:56,17:58,18:02
2018-09-16,-,A1.43,04:34,04:35,04:36
2018-10-02,-,B1.14,04:41,04:45,04:48
2018-10-10,-,A2.57,05:04,05:08,05:09
2018-10-10,-,B1.98,08:15,08:22,08:31
2018-10-12,2724,B3.05,01:43,01:50,01:56
2018-10-12,2724,C1.02,14:04,14:08,14:13
2018-10-13,2724,B3.34,13:28,13:34,13:42
2018-10-29,-,A1.43,18:28,18:29,18:30
2018-11-06,-,A3.14,18:27,18:30,18:31
2018-11-08,-,A4.14,10:11,10:12,10:14
2018-11-10,-,A2.86,11:41,11:43,11:44
2018-11-17,-,A7.69,10:53,10:57,10:58
2018-11-24,-,A9.72,02:10,02:13,02:15
2018-11-26,-,A1.57,12:10,12:11,12:12
2018-12-03,-,A1.57,12:27,12:28,12:29
2018-12-05,-,B2.06,02:31,02:36,02:39
2018-12-05,2729,B1.82,20:19,20:25,20:33
2018-12-05,2729,B1.46,20:38,20:41,20:45
2018-12-07,2729,B1.15,19:51,19:55,20:02
2018-12-09,2729,B3.37,07:05,07:10,07:16
2018-12-09,2729,B1.47,14:49,14:53,14:56
2018-12-09,2729,B1.54,14:48,15:02,15:07
2018-12-09,2729,B1.39,20:35,20:39,20:44
2018-12-11,-,A4.43,08:54,09:00,09:04
2018-12-15,2731,B1.42,13:49,13:53,13:58
2018-12-20,-,A8.23,00:01,00:12,00:21
2018-12-26,-,A3,09:44,09:46,09:48
2018-12-29,-,A1.57,13:16,13:17,13:18
2019-01-02,2732,B3.97,01:44,01:50,01:55
2019-01-02,-,B1.66,18:32,18:38,18:44
2019-01-03,-,B2.69,16:40,17:14,17:33
2019-01-04,2732,B6.06,11:04,11:35,11:46
2019-01-06,2732,B4.49,01:56,02:02,02:09
2019-01-06,2732,B1.8,03:35,03:41,03:47
2019-01-06,2732,B3.01,04:23,04:52,05:14
2019-01-06,2732,C1.23,05:32,05:51,06:01
2019-01-06,2732,B1.97,08:35,08:41,08:48
2019-01-06,2732,C2.37,10:31,10:51,11:00
2019-01-06,2732,B2.21,13:33,13:37,13:39
2019-01-07,2732,A8.88,10:19,10:23,10:26
2019-01-12,-,A1.57,19:05,19:06,19:07
2019-01-19,-,A1.57,22:00,22:01,22:02
2019-01-23,2733,A9.93,21:45,21:49,21:52
2019-01-24,2733,B1.44,18:55,18:58,19:00
2019-01-24,2733,A9.47,22:18,22:22,22:27
2019-01-25,2733,B2.44,01:06,01:11,01:16
2019-01-25,2733,B2.11,02:07,02:24,02:27
2019-01-25,2733,B9.93,04:05,04:11,04:23
2019-01-25,2733,B3.37,08:29,08:35,08:41
2019-01-25,2733,B3.3,16:04,16:11,16:22
2019-01-25,2733,B6.6,21:13,21:27,21:35
2019-01-26,2733,B2.15,03:34,03:49,03:54
2019-01-26,2733,B3.18,06:44,06:47,06:50
2019-01-26,2733,B1.76,07:53,07:57,08:07
2019-01-26,2733,B1.81,07:52,08:01,08:07
2019-01-26,2733,B1.9,08:10,08:13,08:17
2019-01-26,2733,C7.2,13:12,13:22,13:34
2019-01-26,-,B4.24,15:52,15:55,15:58
2019-01-26,2733,C1.24,16:14,16:28,16:35
2019-01-26,2733,B2.81,18:49,19:13,19:20
2019-01-26,2733,B1.64,23:41,23:44,23:48
2019-01-26,2733,B1.56,23:41,23:45,23:47
2019-01-28,2733,B1.57,01:00,01:04,01:08
2019-01-28,2733,B1.71,17:32,17:37,19:16
2019-01-28,2733,B1.6,17:33,18:54,19:09
2019-01-28,2733,B2.85,19:48,19:53,19:58
2019-01-29,2733,B3.5,05:02,05:07,05:23
2019-01-29,2733,B3.81,06:36,06:41,06:45
2019-01-29,2733,C1.21,07:20,07:36,07:42
2019-01-29,2733,C2.78,10:21,10:34,10:40
2019-01-29,2733,B5.05,15:03,15:22,15:36
2019-01-29,2733,C3.01,21:17,21:29,21:48
2019-01-30,2733,B2.44,02:09,02:14,02:20
2019-01-30,2733,B2.41,04:29,04:36,04:41
2019-01-30,2733,B5.24,05:13,05:27,05:35
2019-01-30,2733,C7.56,05:56,06:11,06:19
2019-01-30,2733,B4.68,07:41,07:44,07:46
2019-01-30,2733,B3.32,08:28,08:35,08:43
2019-01-30,2733,C1.23,10:31,10:38,10:43
2019-01-30,2733,C1.98,11:16,11:24,11:32
2019-01-30,2733,B2.45,14:10,14:15,14:18
2019-01-30,2733,B1.62,15:22,15:26,15:29
2019-01-30,2733,C1.4,17:00,17:05,17:07
2019-01-30,2733,B5.92,19:20,19:28,20:00
2019-01-30,2733,B7.68,20:27,20:34,20:40
2019-01-30,2733,B3.63,22:28,22:32,22:34
2019-01-30,2733,B4.81,22:35,22:41,22:44
2019-01-31,2733,C1.03,00:54,00:58,01:03
2019-01-31,2733,B4.04,02:21,02:29,02:40
2019-01-31,2733,B1.85,15:37,15:43,15:48
2019-01-31,2733,B2.27,16:42,16:53,17:16
2019-02-01,2733,B2.16,04:57,05:18,05:30
2019-02-01,2733,B2.65,08:37,09:13,09:44
2019-02-08,-,A1.57,08:50,08:51,08:52
2019-02-18,-,A2,16:00,16:04,16:05
2019-02-20,-,B1.48,04:02,04:24,04:57
2019-03-01,-,A1.57,14:50,14:51,14:52
2019-03-06,-,A7.06,05:17,05:26,05:31
2019-03-08,2734,C1.94,03:06,03:18,03:58
2019-03-09,2734,A6.67,04:28,04:32,04:38
2019-03-09,2734,B8.99,12:15,12:26,12:37
2019-03-16,-,A1.57,14:08,14:09,14:10
2019-03-18,2735,B1.02,12:09,12:13,12:16
2019-03-18,2735,A8.87,13:39,13:43,13:46
2019-03-18,2735,B2.48,13:47,13:51,13:55
2019-03-18,2735,B1.62,16:25,16:38,16:42
2019-03-18,2735,B2.11,17:30,17:34,17:39
2019-03-18,2735,B1.93,18:32,18:35,18:38
2019-03-20,-,A7.5,00:17,00:20,00:22
2019-03-20,-,B9,07:05,07:14,07:25
2019-03-20,-,B4.69,06:28,07:50,08:18
2019-03-20,2736,C6.94,10:35,11:18,11:34
2019-03-20,2736,B6.59,12:19,12:25,12:28
2019-03-20,2736,B1.66,13:06,13:09,13:14
2019-03-20,2736,B1.7,13:40,13:43,13:49
2019-03-20,2736,B3.2,14:23,14:32,14:48
2019-03-20,2736,B4.86,17:35,17:59,18:12
2019-03-20,2736,B2.85,21:19,21:24,21:32
2019-03-21,2736,C1.17,00:03,00:13,00:19
2019-03-21,2736,C1.71,02:52,03:00,03:04
2019-03-21,2736,C7.57,03:08,03:12,03:15
2019-03-21,2736,B2.29,07:56,07:59,08:01
2019-03-21,2736,B2,09:45,10:12,10:22
2019-03-21,2736,B1.57,11:17,11:21,11:31
2019-03-21,2736,C2.14,14:40,14:44,14:47
2019-03-21,2736,B3.14,15:42,15:45,15:47
2019-03-21,2736,C1.71,15:58,16:01,16:03
2019-03-21,2736,C3.71,17:13,17:21,17:39
2019-03-21,2736,C1.26,19:54,19:59,20:02
2019-03-21,2736,C1.41,20:54,21:13,21:19
2019-03-22,2736,C3.04,00:27,00:34,00:38
2019-03-22,2736,B9.93,02:00,02:06,02:08
2019-03-22,2736,B9.6,04:11,04:15,04:20
2019-03-22,2736,C6.95,05:05,05:14,05:17
2019-03-22,2736,C4.07,07:54,08:01,08:04
2019-03-22,2736,C1.86,08:13,08:19,08:22
2019-03-22,2736,C1.48,10:14,10:19,10:25
2019-03-22,2736,B5.23,11:54,11:58,12:04
2019-03-22,2736,B4.91,12:10,12:13,12:15
2019-03-22,2736,C1.23,12:31,12:39,12:42
2019-03-22,2736,C1.02,12:46,12:54,12:57
2019-03-22,2736,B7.32,13:48,13:52,13:55
2019-03-22,2736,B5.37,14:13,14:18,14:21
2019-03-22,2736,B3.31,14:41,14:44,14:46
2019-03-22,2736,B6.57,15:30,15:34,15:37
2019-03-22,2736,B3.54,16:38,16:42,16:46
2019-03-22,2736,B5.44,16:55,17:03,17:07
2019-03-22,2736,B9.25,19:29,19:47,19:56
2019-03-22,2736,C2.11,20:16,20:23,20:33
2019-03-22,2736,C1.08,20:54,21:00,21:07
2019-03-22,2736,C1.42,20:52,21:19,21:31
2019-03-22,2736,B4.8,22:35,22:38,22:42
2019-03-22,2736,B4.87,22:35,22:39,22:42
2019-03-23,2736,C1.18,23:57,00:04,00:15
2019-03-23,2736,B4.88,01:16,01:31,01:43
2019-03-23,2736,B7.42,01:50,01:53,02:02
2019-03-23,2736,B9.06,02:07,02:12,02:14
2019-03-23,2736,B3.74,02:57,03:00,03:04
2019-03-23,2736,B3.79,02:57,03:02,03:05
2019-03-23,2736,B9.75,03:10,03:17,03:23
2019-03-23,2736,B4.51,05:06,05:09,05:11
2019-03-23,2736,B5.14,06:02,06:10,06:16
2019-03-23,2736,B4.21,10:33,10:40,10:44
2019-03-23,2736,B4.79,12:10,12:16,12:22
2019-03-23,2736,B8.38,12:41,12:49,13:01
2019-03-23,2736,B4.64,14:18,14:22,14:24
2019-03-23,2736,B8.4,18:14,18:17,18:20
2019-03-23,2736,B6.68,18:49,18:53,18:55
2019-03-23,2736,B6.79,18:57,19:00,19:13
2019-03-23,2736,B3.34,20:48,20:51,20:54
2019-03-23,2736,C1.31,21:09,21:20,21:27
2019-03-23,2736,B7.89,22:04,22:11,22:19
2019-03-23,2736,C1.17,22:36,22:39,22:41
2019-03-23,2736,C1.45,23:30,23:59,00:17
2019-03-24,2736,C1.26,02:28,02:33,02:51
2019-03-24,2736,B7.22,04:35,04:39,04:44
2019-03-24,2736,B6.44,07:13,07:20,07:27
2019-03-24,2736,B8.86,06:28,08:10,08:30
2019-03-24,2736,B2.83,08:03,09:22,09:33
2019-03-24,2736,B3.96,14:32,14:37,14:43
2019-03-24,2736,C1.4,19:16,19:31,19:40
2019-03-25,2736,B2.47,06:07,06:15,06:27
2019-03-25,2736,B3.45,06:52,07:23,07:27
2019-03-25,2736,B2.17,09:42,09:47,09:53
2019-03-25,2736,B2.77,11:29,11:34,11:44
2019-03-25,2736,B5.43,13:08,14:10,14:35
2019-03-25,2736,B6.12,18:03,18:11,18:26
2019-03-25,2736,B5.08,21:26,21:48,22:23
2019-03-31,-,A1.57,12:00,12:01,12:02
2019-04-07,2738,B2.56,03:51,03:55,03:58
2019-04-07,2738,B7.57,08:31,08:40,08:53
2019-04-07,2738,C1.13,10:47,11:00,11:26
2019-04-07,2738,B2.19,19:04,19:11,19:18
2019-04-07,2738,B2.04,20:04,20:08,20:15
2019-04-08,2738,B4.25,06:15,06:25,06:35
2019-04-08,2738,B1.72,09:49,09:52,09:54
2019-04-08,2738,B8.38,13:55,14:00,14:08
2019-04-08,2738,B4.08,15:50,15:53,15:57
2019-04-08,2738,B4.98,16:01,16:13,16:17
2019-04-08,2738,B2.78,22:20,22:25,22:29
2019-04-09,2738,B5.05,05:17,05:25,05:33
2019-04-09,2738,B2.16,23:22,23:26,23:31
2019-04-09,2738,B3.24,23:44,23:51,23:58
2019-04-10,2738,B2.13,02:02,02:08,02:15
2019-04-10,2738,B3.14,04:59,05:24,06:01
2019-04-10,2738,B3.34,16:51,17:11,17:34
2019-04-11,2738,B2.02,17:12,17:23,17:35
2019-04-12,2738,B5.47,09:20,09:27,09:32
2019-04-12,2738,B1.64,11:19,11:22,11:27
2019-04-12,2738,C1.06,11:29,11:37,11:47
2019-04-13,2738,B2.13,02:24,02:28,02:31
2019-04-13,2738,B1.72,03:45,03:49,03:53
2019-04-14,2738,B1.3,18:59,19:02,19:04
2019-04-14,2738,B1.07,20:44,20:47,20:49
2019-04-14,2738,B1.32,21:08,21:11,21:14
2019-04-15,2738,B5.03,19:24,19:31,19:34
2019-04-29,-,B1.01,05:44,05:45,05:47
2019-05-03,2740,B4.62,14:20,14:49,15:07
2019-05-03,2740,C1.36,22:49,23:31,23:49
2019-05-04,2740,B2.3,13:00,13:05,13:15
2019-05-04,2740,B2.35,13:00,13:08,13:15
2019-05-04,2740,B2.98,22:03,22:10,22:23
2019-05-04,2740,C2.95,22:28,22:43,22:57
2019-05-05,2740,B2.51,06:37,06:41,06:43
2019-05-05,2740,B2.45,06:37,06:42,06:44
2019-05-05,2740,B1.76,09:30,09:33,09:36
2019-05-05,2740,B9.95,11:45,11:49,11:51
2019-05-05,2740,C1.34,13:36,13:42,13:45
2019-05-05,-,B1.6,13:50,13:53,13:55
2019-05-05,2740,B1.52,14:51,14:54,15:00
2019-05-05,2740,B8.39,21:21,21:43,21:52
2019-05-05,2740,B5.54,22:27,22:30,22:32
2019-05-06,2740,B2.84,00:45,00:49,00:53
2019-05-06,2740,M1.41,05:04,05:10,05:12
2019-05-06,2740,C2.43,07:23,07:41,07:54
2019-05-06,2740,C2.88,08:41,08:47,08:51
2019-05-06,2740,C2.12,09:55,10:02,10:05
2019-05-06,2740,B2.7,11:44,11:51,11:57
2019-05-06,2740,M1.05,13:35,13:54,13:57
2019-05-06,2740,C1.43,17:45,17:49,17:52
2019-05-06,2740,B3.33,18:33,18:37,18:41
2019-05-06,2740,B3.23,19:14,19:17,19:19
2019-05-06,2740,B3.37,19:27,19:30,19:32
2019-05-06,2740,C1.46,19:41,19:50,19:52
2019-05-06,2740,B2.88,20:12,20:15,20:17
2019-05-06,2740,B4.06,20:39,20:43,20:45
2019-05-06,2740,B5.97,22:16,22:30,22:40
2019-05-06,2740,B6.03,22:16,22:31,22:39
2019-05-06,2740,C1.02,23:10,23:13,23:16
2019-05-06,2740,B4.05,23:49,23:53,23:55
2019-05-07,2740,B8.39,01:38,01:45,01:48
2019-05-07,2740,B2.65,03:43,03:47,03:52
2019-05-07,2740,B4.05,04:48,04:57,05:01
2019-05-07,2740,B3.64,07:18,07:25,07:27
2019-05-07,2740,B2.02,08:37,08:40,08:44
2019-05-07,2740,B2.02,08:37,08:41,08:44
2019-05-07,2740,B6.27,09:18,09:23,09:25
2019-05-07,2740,C1.06,09:29,09:35,09:39
2019-05-07,2740,C1.66,09:51,10:46,10:58
2019-05-07,2740,C1.67,09:51,10:48,10:58
2019-05-07,2740,C1.93,11:52,11:56,11:57
2019-05-07,2740,B4,13:30,13:33,13:38
2019-05-08,2740,B1.82,21:21,21:27,21:36
2019-05-08,2740,B1.83,21:21,21:29,21:37
2019-05-09,2740,C9.66,05:40,05:51,05:56
2019-05-10,2741,B2,08:39,08:47,08:56
2019-05-10,2741,B2.28,17:29,17:34,17:40
2019-05-10,2740,B2.29,18:26,18:42,18:48
2019-05-12,2741,B4.44,22:39,22:51,23:04
2019-05-13,2741,B4.16,15:02,15:52,17:10
2019-05-15,2741,B4.12,08:32,08:40,08:49
2019-05-15,2741,B2.29,16:42,16:56,17:03
2019-05-15,2741,C2.83,19:15,19:24,19:27
2019-05-15,2741,B2.5,19:47,19:56,20:02
2019-05-16,2741,B1.17,04:53,04:56,04:58
2019-05-23,-,B1,09:10,09:13,09:16
2019-05-30,-,A1.43,17:55,17:56,17:57
2019-06-01,-,B2.34,14:48,14:54,15:00
2019-06-06,-,A1.57,12:20,12:21,12:22
2019-06-14,-,A1.57,19:50,19:51,19:52
2019-06-23,-,A1.57,00:10,00:11,00:12
2019-07-06,-,A1.57,06:08,06:09,06:10
2019-07-06,-,A9.5,17:15,17:19,17:21
2019-07-06,-,A6.94,19:47,19:50,19:52
2019-07-06,-,B4.3,21:16,21:21,21:24
2019-07-07,-,B1.19,00:58,01:02,01:04
2019-07-07,-,A9.02,08:25,08:32,08:39
2019-07-15,-,A1.57,11:40,11:41,11:42
2019-07-19,-,A1.57,15:51,15:52,15:53
2019-08-04,-,A1.57,13:14,13:15,13:16
2019-08-11,-,A1.57,14:40,14:41,14:42
2019-08-18,-,A1.57,22:34,22:35,22:36
2019-08-26,-,A1.57,03:00,03:01,03:02
2019-09-18,-,A2.43,18:36,18:39,18:43
2019-09-23,-,A1.57,16:08,16:09,16:10
2019-10-01,-,B1.45,01:41,01:45,01:49
2019-10-07,-,B1.01,19:34,19:37,20:13
2019-10-10,-,B1.03,16:53,16:57,16:59
2019-10-17,-,A1.57,17:19,17:20,17:21
2019-11-01,-,A1.57,19:00,19:01,19:02
2019-11-05,-,A8.76,05:58,06:11,06:24
2019-11-11,-,A1.57,07:10,07:11,07:12
2019-11-18,-,A1.57,00:01,00:02,00:03
2019-11-18,-,A6.43,12:52,13:03,13:12
2019-11-25,-,B1.19,23:18,23:22,23:23
2019-12-02,-,A1.57,11:15,11:16,11:17
2019-12-13,-,A0.45,08:20,08:21,08:22
2019-12-20,-,A1.3,10:54,11:03,11:04
2019-12-27,-,A1.1,14:50,14:51,14:52
2020-01-03,-,A1,21:02,21:03,21:04
2020-01-10,2756,B1.1,11:52,11:59,12:04
2020-01-10,2756,B1.1,14:41,14:45,14:51
2020-01-16,-,A7.8,01:48,01:51,01:52
2020-01-19,-,B1,18:33,18:35,18:41
2020-01-24,-,B1.3,19:47,19:51,19:53
2020-01-25,2757,B1.1,07:11,07:14,07:18
2020-01-31,2757,A9.6,14:47,15:03,15:23
2020-02-07,-,A1.1,04:20,04:21,04:22
2020-02-20,-,A1.1,05:30,05:31,05:32
2020-02-26,-,A9.5,18:57,19:03,19:05
2020-03-04,-,A8.1,13:33,13:34,13:35
2020-03-11,-,B2.3,05:49,05:56,06:00
2020-03-17,-,A9,16:59,17:01,17:02
2020-03-23,-,A2.6,14:33,14:36,14:37
2020-03-30,-,A1.1,18:17,18:18,18:19
2020-04-04,2759,B4.2,00:43,00:52,00:56
2020-04-04,2759,B1.4,01:30,01:38,01:42
2020-04-06,2759,B2.5,05:35,05:48,05:58
2020-04-06,2759,B1.8,08:22,08:31,08:38
2020-04-07,2759,B4.5,01:46,01:59,02:06
2020-04-09,2759,B1.6,09:01,09:32,09:18
2020-04-18,-,A1.1,06:40,06:41,06:43
2020-04-23,-,A6.7,15:40,15:45,15:50
2020-04-23,-,A7.2,17:10,17:13,17:21
2020-04-30,2762,B1.3,12:09,12:17,12:21
2020-05-01,2762,B2.6,14:30,14:36,14:40
2020-05-08,-,A1.1,20:00,20:01,20:02
2020-05-15,-,A7.9,20:04,20:22,20:38
2020-05-27,-,B1.4,18:04,18:35,18:18
2020-05-28,-,B1.1,09:31,09:40,10:03
2020-05-28,-,B2.9,10:13,10:36,10:27
2020-05-28,-,B1.4,23:27,23:34,23:40
2020-05-29,-,B1.2,01:21,01:29,01:35
2020-05-29,-,B1.6,02:41,02:44,02:56
2020-05-29,-,B1.1,03:39,03:48,04:00
2020-05-29,-,B1,04:35,04:42,04:48
2020-05-29,-,B1.4,06:49,06:59,07:05
2020-05-29,2764,M1.1,07:13,07:24,07:28
2020-05-29,-,B3.1,08:29,08:35,08:41
2020-05-29,-,B4.2,09:38,09:46,09:52
2020-05-29,-,C9.3,10:41,10:46,10:50
2020-05-29,-,B2.5,11:01,11:06,11:11
2020-05-29,-,B2.9,11:18,11:21,11:25
2020-05-29,-,B2.6,13:22,13:45,13:36
2020-05-29,-,B1.3,14:10,14:14,14:18
2020-05-29,-,C1,14:18,14:22,14:27
2020-05-29,-,B2.4,15:40,15:47,15:53
2020-05-29,-,B8.7,16:37,16:48,16:55
2020-06-02,-,B1.5,04:21,04:55,04:39
2020-06-02,-,B2.9,06:13,06:19,06:24
2020-06-05,-,B3.5,23:52,00:01,00:06
2020-06-05,-,A9,12:07,12:46,12:39
2020-06-06,-,B1,10:13,10:20,10:27
2020-06-06,-,B2.7,19:07,19:19,19:30
2020-06-06,-,B1.1,19:58,20:02,20:07
2020-06-06,-,B1.4,20:18,20:27,20:31
2020-06-07,-,B1,23:54,00:01,00:10
2020-06-07,2765,B1.6,05:07,05:14,05:27
2020-06-07,2765,B1.4,20:38,20:47,20:51
2020-06-07,2765,B6.4,21:33,21:46,21:56
2020-06-09,2765,B1.5,03:01,03:11,03:18
2020-06-17,-,A5.5,04:46,04:52,04:55
2020-06-27,-,A1.3,09:18,09:19,09:20
2020-07-04,-,A1.1,03:05,03:06,03:07
